1,人,人,rén,他是哪国人？,Tā shì nǎ guó rén?,彼はどこの国の人ですか？,疑問詞疑問文,
2,爸爸,お父さん・パパ,bàba,安静些 爸爸在睡觉。,Ānjìng xiē bàba zài shuìjiào。,静かにして。パパが寝ているから。,進行形,
3,妈妈,お母さん,māma,我妈妈性格特别好。,Wǒ māma xìnggé tèbié hǎo.,うちの母は性格がとびきり良いです。,主述述語文,
4,哥哥,兄・お兄さん,gēge,他是我哥哥。,Tā shì wǒ gēge．,彼は私の兄です。,“是”構文,
5,姐姐,姉・お姉さん,jiějie,她是我姐姐。,Tā shì wǒ jiějie,彼女は私の姉です。,“是”構文,
6,弟弟,弟,dìdi,我有一个弟弟。,Wǒ yǒu yí ge dìdi．,私には弟が一人います。,所有を表す動詞の“有”,
7,妹妹,妹,mèimei,你妹妹去哪儿?,Nǐ mèimei qù nǎr?,あなたの妹さんはどこに行きますか？,動詞述語文と疑問詞疑問文
8,兄弟姐妹,きょうだい,xiōngdìjiěmèi,你有兄弟姐妹吗?,Nǐ yǒu xiōngdìjiěmèi ma?,あなたはきょうだいがいますか？,所有を表す動詞の“有”
9,孩子,子供,háizi,我有三个孩子。,Wǒ yǒu sānge háizi.,私には三人の子供がいます。,所有を表す動詞の“有”
10,朋友,友人,péngyou,他是我的朋友。,Tā shì wǒ de péngyǒu．,彼は私の友人です。,“是”構文
11,名字,名前,míngzi,你叫什么名字？,Nǐ jiào shénme míngzi?,お名前は何とおっしゃるんですか？,疑問詞疑問文
12,早饭,朝食,zǎofàn,你吃早饭吗?,Nǐ chī zǎofàn ma?,あなたは朝ごはんを食べますか？,動詞述語文
13,午饭,ランチ,wǔfàn,你吃午饭?,Nǐ chī wǔfàn ma?,あなたはお昼ご飯を食べますか？,動詞述語文
14,晚饭,夕食,wǎnfàn,你吃晚饭吗?,Nǐ chī wǎnfàn ma?,あなたは晩ご飯を食べますか？,動詞述語文
15,饭,ご飯・食事,fàn,我妈妈在做饭呢。,Wǒ māma zài zuòfàn ne.,母はご飯を作っている。,進行形
16,米饭,ご飯・ライス,mǐfàn,我喜欢吃米饭。,Wǒ xǐhuan chī mǐfàn．,私はご飯が好きです。,動詞述語文
17,面包,パン,miànbāo,我吃面包。,Wǒ chī miànbāo．,私はパンを食べます。,動詞述語文
18,菜,料理,cài,我喜欢吃中国菜。,Wǒ xǐhuan chī Zhōngguócài．,私は中国料理が好きです。,動詞述語文
19,肉,肉,ròu,我喜欢吃牛肉。,Wǒ xǐhuan chī niúròu.,私は牛肉が好きです。,動詞述語文
20,餐厅,レストラン,cāntīng,我们在餐厅吃饭。,Wǒmen zài cāntīng chī fàn．,私たちはレストランで食事をする。,介詞“在”
21,水,水・お湯,shuǐ,我提着两个暖壶去水房打水。,Wǒ tízhe liǎng ge nuǎnhú qù shuǐfáng dǎ shuǐ.,私は魔法瓶を二つ持って水汲み室に行きお湯を入れた。,連動文
22,茶,お茶,chá,我喜欢喝茶。,Wǒ xǐhuan hē chá 。,私はお茶が好きだ。,動詞述語文
23,水果,果物,shuǐguǒ,我喜欢吃水果。,Wǒ xǐhuan chī shuǐguǒ．,私は果物が好きです。,動詞述語文
24,香蕉,バナナ,xiāngjiāo,我要香蕉。,Wǒ yào xiāngjiāo．,私はバナナがほしい。,動詞述語文
25,裤子,ズボン・パンツ,kùzi,这是一条漂亮的裤子。,Zhè shì yī tiáo piàoliang de kùzi。,これはすてきなズボンです。,“是”構文
26,衬衫,シャツ・ブラウス,chènshān,我的衬衫是蓝的。,Wǒ de chènshān shì lán de。,私のシャツはブルーです。,“是”構文
27,鞋,靴,xié,我买一双鞋。,Wǒ mǎi yì shuāng xié 。,私は靴を１足買う。,動詞述語文
28,帽子,帽子,màozi,她戴着红帽子。,Tā dàizhe hóng màozi．,彼女は赤い帽子をかぶっている。,形容詞述語文と持続の“着”
29,房子,家,fángzi,我买了自己的房子。,Wǒ mǎile zìjǐ de fángzi．,私は自分の家を買った。,完了の“了”
30,房间,部屋,fángjiān,这是我的房间。,Zhè shì wǒ de fángjiān．,これは私の部屋です。,“是”構文
31,厕所,トイレ,cèsuǒ,厕所在哪儿?,Cèsuǒ zài nǎr?,トイレはどこですか？,疑問詞疑問文
32,门,ドア・出口,mén,我发现门都开着。,Wǒ fāxiàn mén dōu kāizhe．,ドアが開いているのに気づいた。,動詞述語文
33,自行车,自転車,zìxíngchē,我骑自行车上学。,Wǒ qí zìxíngchē shàngxué．,私は自転車で通学します。,連動文
34,汽车,自動車,qìchē,我儿子喜欢看汽车。,Wǒ érzi xǐhuan kàn qìchē．,うちの息子は自動車を見るのが好きです。,動詞述語文
35,公共汽车,路線バス,gōnggòng qìchē,我坐公共汽车上班。,Wǒ zuò gōnggòng qìchē shàngbān.,私はバスで通勤している。,連動文
36,出租车,タクシー,chūzūchē,在日本打出租车很贵。,Zài Rìběn dǎchūzūchē hěn guì．,日本ではタクシーはとても高い。,形容詞述語文と介詞“在”
37,地铁,地下鉄,dìtiě,我坐地铁去新宿。,Wǒ zuò dìtiě qù xīnsù．,私は地下鉄で新宿に行きます。,連動文
38,火车,列車・汽車,huǒchē,我们坐火车去上海。,Wǒmen zuò huǒchē qù Shànghǎi．,私たちは汽車で上海に行きます。,連動文
39,电车,電車・トロリーバス,diànchē,我们下一站得改坐电车。,Wǒmen xià yí zhàn děi gǎi zuò diànchē.,私たちは次の駅で電車に乗り換えなければなりません。,助動詞“得”
40,车站,駅,chēzhàn,车站在哪儿?,Chēzhàn nài nǎr?,駅はどこですか？,疑問詞疑問文
41,飞机,飛行機,fēijī,我坐飞机去上海。,Wǒ zuò fēijī qù．,私は飛行機で上海に行く。,連動文
42,机场,空港,jīchǎng,我去机场。,Wǒ qù jīchǎng．,私は空港に行く。,動詞述語文
43,东西,物（もの）,dōngxi,我去买东西。,Wǒ qù mǎi dōngxi．,私は買い物に行く。,動詞述語文
44,床,ベッド,chuáng,我在床上看书。,Wǒ zài chuángshang kàn shū．,私はベッドで本を読む。,介詞“在”
45,桌子,机,zhuōzi,你的手机在桌子上。,Nǐ de shǒujī zài zhuōzi shang ma?,あなたのケータイは机の上にある。,存在を表す動詞の“在”
46,椅子,椅子,yǐzi,他的手机在椅子上。,Tā de shǒujī zài yǐzi shang．,彼のケータイは椅子の上にある。,存在を表す動詞の“在”
47,电视,テレビ,diànshì,我不喜欢看电视。,Wǒ bù xǐhuan kàn diànshì．,私はテレビを見るのが好きではありません。,否定の“不”と未然の“没”
48,电话,電話,diànhuà,你给我打个电话吧。,Nǐ gěi wǒ dǎ ge diànhuà ba．,私にお電話ください。,介詞“给”
49,票,チケット,piào,我买票。,Wǒ mǎi piào．,私はチケットを買います。,動詞述語文
50,书包,書類かばん,shūbāo,你的课本在书包里。,Nǐ de kèběn zài shūbāo li．,あなたのテキストはかばんの中にある。,存在を表す動詞の“在”
51,钱,お金,qián,你有多少钱？,Nǐ yǒu duōshao qián ?,君、いくら持ってる？,疑問詞疑問文
52,工作,仕事,gōngzuò,他在找工作。,Tā zài zhǎo gōngzuò．,彼は仕事をさがしている。,進行形
53,工厂,工場,gōngchǎng,我爸爸在工厂里工作。,Wǒ bàba zài gōngchǎng li gōngzuò．,父は工場で働いています。,介詞“在”
54,工人,工場労働者,gōngrén,愿意做工人的年轻人少了。,Yuànyi zuò gōngrén de niánqīngrén shǎo le．,ブルーカラーになりたがる若者は減った。,助動詞“愿意”
55,公司,会社,gōngsī,我哥哥是公司职员。,Wǒ gēge shì gōngsī zhíyuán．,兄は会社員です。,“是”構文
56,商店,店・商店,shāngdiàn,我们去商店买东西。,Wǒmen qù shāngdiàn mǎi dōngxi.,私たちは商店に買い物に行く。,連動文
57,书店,本屋,shūdiàn,我去书店。,Wǒ qù shūdiàn．,私は本屋に行く。,動詞述語文
58,医生,医者,yīshēng,他是医生。,Tā shì yīshēng．,彼は医者です。,“是”構文
59,司机,運転手,sījī,她丈夫是个出租汽车司机。,Tā zhàngfu shì ge chūzū qìchē sījī.,彼女の夫はタクシーの運転手です。,“是”構文
60,邮局,郵便局,yóujú,那是邮局。,Nà shì yóujú．,あれは郵便局です。,“是”構文
61,图书馆,図書館,túshūguǎn,我在图书馆里学习。,Wǒ zài túshūguǎn li xuéxí．,私は図書館で勉強する。,介詞“在”
62,公园,公園,gōngyuán,我家的旁边有一个公园。,Wǒ jiā pángbiān yǒu yíge gōngyuán．,うちのそばに公園がある。,存在を表す動詞の“有”
63,日本,日本,Rìběn,中国和日本是一衣带水的近邻。,Zhōngguó hé Rìběn shì yī yī dài shuǐ de jìnlín.,中国と日本は一衣帯水（いちいたいすい）の隣国です。,“是”構文
64,中国,中国,Zhōngguó,中国是一个地大物博的国家。,Zhōngguó shì yí ge dì dà wù bó de guójiā.,中国は土地が広く物産が豊富な国である。,“是”構文
65,外国,外国,wàiguó,有的人为了出国就跟外国人结婚。,yǒu de rén wèile chūguó jiù gēn wàiguórén jiéhūn.,海外に出るために外国人と結婚する人もいる。,介詞“为”
66,日本人,日本人,Rìběnrén,我是日本人。,Wǒ shì Rìběnrén．,私は日本人です。,“是”構文
67,中国人,中国人,Zhōngguórén,我妈妈是中国人。,Wǒ māma shì Zhōngguórén．,私の母は中国人です。,“是”構文
68,外语,外国語,wàiyǔ,我不会说外语。,Wǒ hú huì shuō wàiyǔ．,私は外国語が離せません。,助動詞“会”
69,汉语,中国語,Hànyǔ,我学习汉语。,Wǒ xuéxí Hànyǔ．,私は中国語を勉強します。,動詞述語文
70,中文,中国語の文,Zhōngwén,我写中文日记。,Wǒ xiě Zhōngwén rìjì．,私は中国語で日記をつける。,動詞述語文
71,汉字,漢字,Hànzì,这些汉字，你能写吗？,Zhè xiē Hànzì，nǐ néng xiě ma?,これらの漢字、あなた書けますか？,助動詞“能”
72,字,字,zì,小王擦掉他昨天写的字。,Xiǎo Wáng cādiào tā zuótiān xiě de zì.,王君は昨日自分が書いた字を消した。,結果補語
73,日语,日本語,Rìyǔ,他会说日语。,Tā huì shuō Rìyǔ.,彼は日本語が話せる。,助動詞“会”
74,学校,学校,xuéxiào,我去学校。,Wǒ qù xuéxiào．,私は学校に行く。,動詞述語文
75,大学,大学,dàxué,这是我的大学。,Zhè shì wǒ de dàxué．,これは私の大学です。,“是”構文
76,老师,先生,lǎoshī,她是汉语老师。,Tā shì Hànyǔ lǎoshī．,彼女は中国語の先生です。,“是”構文
77,学生,学生・生徒,xuésheng(xuéshēng),我是学生。,Wǒ shì xuésheng．,私は学生です。,“是”構文
78,留学生,留学生,liúxuéshēng,他是中国留学生。,Tā shì Zhōngguó liúxuéshēng.,彼は中国人留学生です。,“是”構文
79,系,学科（学部）,xì,我是中文系的学生。,Wǒ shì Zhōngwén xì de xuésheng.,私は中文科の学生です。,“是”構文
80,年级,学年,niánjí,他是大学四年级的学生。,Tā shì dàxué sì niánjí de xuésheng.,彼は大学４年生です。,“是”構文
81,班,クラス,bān,我们班里有十个学生。,Wǒmen bānli yǒu shí ge xuésheng．,私たちのクラスには十人の生徒がいます。,存在を表す動詞の“有”
82,同学,同級生,tóngxué,我们班大部分同学选修日语。,Wǒmen bān dàbùfen tóngxué xuǎnxiū Rìyǔ.,私たちのクラスの大部分は日本語を選択しています。,動詞述語文
83,教室,教室,jiàoshì,学生们进教室去了。,Xuéshengmen jìn jiàoshì qule．,学生たちは教室に入っていった。,方向補語
84,课本,テキスト,kèběn,我有课本。,Wǒ yǒu kèběn.,私はテキストを持っています。,所有を表す動詞の“有”
85,课文,テキストの文章,kèwén,念课文！,Niàn kèwén！,テキスト本文を読みなさい。,命令
86,本子,ノート,běnzi,我在本子上写字。,Wǒ zài běnzi shang xiě zì．,私はノートに文字を書く。,介詞“在”
87,词典,辞書,cídiǎn,我有汉语词典。,Wǒ yǒu Hànyǔ cídiǎn．,私は中国語の辞書を持っています。,所有を表す動詞の“有”
88,生词,新出単語,shēngcí,今天我们学习很多生词。,Jīntiān wǒmen xuéxie hěn duō shēngcí．,今日私たちはたくさんの新出単語を学びます。,動詞述語文
89,爱好,趣味,àihào,你的爱好很多。,Nǐ de àihào hěn duō．,あなたの趣味はとても多い。,形容詞述語文
90,书,本,shū,这是一本书。,Zhè shì yì běn shū．,これは本です。,“是”構文
91,杂志,雑誌,zázhì,这是一本杂志。,Zhè shì yì běn zázhì．,これは雑誌です。,“是”構文
92,歌儿,歌,gēr,她给我唱一首日本歌儿。,Tā gěi wǒ chàng yì shǒu Rìběngēr．,彼女は私に日本の歌を一曲歌ってくれた。,介詞“给”
93,钢琴,ピアノ,gāngqín,她弹钢琴弹得很好。,Tā tán gāngqín tánde hěn hǎo.,彼女はピアノがうまい。,様態補語
94,电影,映画,diànyǐng,我们去看电影。,Wǒmen qù kàn diànyǐng．,私たちは映画を見に行きます。,動詞述語文
95,电脑,パソコン,diànnǎo,这是电脑。,Zhè shì dìnnǎo．,これはパソコンです。,“是”構文
96,身体,身体,shēntǐ,最近身体怎么样?,Zuìjìn shēntǐ zěnmeyàng?,最近体の調子はどうですか？,疑問詞疑問文
97,头,頭,tóu,我的头疼死了。,Wǒ de tóu téngsǐ le.,頭が割れそうに痛い。,結果補語
98,手,手,shǒu,你猜，我手里有什么？,Nǐ cāi，wǒ shǒuli yǒu shénme ?,私の手の中に何があるか当ててみて。,所有を表す動詞の“有”と命令
99,肚子,腹・丸く膨れている部分,dùzi,肚子真不舒服。,Dùzi zhēn bù shūfu.,お腹がほんとに気持ち悪い。,形容詞述語文
100,大夫,医者・お医者さん（呼びかけにも使える）,dàifu,大夫，我的病严重吗？,Dàifu，wǒ de bìng yánzhòng ma?,先生、私の病気は重いんですか？,形容詞述語文
101,花,花,huā,玫瑰花是爱情之花。,Méigui huā shì àiqíng zhī huā.,バラは恋の花です。,“是”構文
102,天气,天気,tiānqì,今天天气很好。,Jīntiān tiānqì hěn hǎo．,今日は天気がいい。,主述述語文
103,风,風,fēng,雨伞被风刮跑了。,Yǔsǎn bèi fēng guāpǎo le 。,傘は風に飛ばされた。,受け身文
104,雪,雪,xǔe,在那个地方雪是常见的。,Zài nàge dìfang xuě shì chángjiàn de.,あの地方では雪は普通に見られるものです。,もう一つの“是～的”構文
105,太阳,太陽,tàiyáng,太阳下山了。,Tàiyáng xià shān le．,太陽が西に沈んだ。,語気の“了”
106,山,山,shān,我想去爬富士山。,Wǒ xiǎng qù pá Fùshìshān.,私は富士登山に行きたい。,助動詞“想”
107,春天,春,chūntiān,春天这里风沙很大。,Chūntiān zhèli fēngshā hěn dà.,春はここでは砂嵐がひどい。,主述述語文
108,夏天,夏,xiàtiān,我们在夏威夷度过了夏天。,Wǒmen zài Xiàwēiyí dùguòle xiàtiān.,私たちはハワイで夏を過ごした。,介詞“在”
109,秋天,秋,qiūtiān,秋天来到了，白天渐渐短了。,Qiūtiān láidàole，báitiān jiànjiàn duǎn le.,秋がやってくると昼間はだんだん短くなる。,完了の“了”と語気の“了”
110,冬天,冬,dōngtiān,这里的冬天不用炉子。,Zhèli de dōngtiān búyòng lúzi.,ここの冬はストーブがいらない。,動詞述語文
111,前年,おととし,qiánnián,前年我去美国。,Qiánnián wǒ qù Měiguó．,おととし私はアメリカに行った。,動詞述語文
112,去年,去年,qùnián,去年我去上海。,Qùnián wǒ qù Shànghǎi．,去年私は上海に行った,動詞述語文。
113,今年,今年,jīnnián,今年我去北京留学。,Jīnnián wǒ qù Běijīng liúxué．,今年私は北京に留学に行く。,動詞述語文と連動文
114,明年,来年,míngnián,明年我去中国旅游。,Míngnián wǒqù Zhōngguó lǙyóu．,来年私は中国に旅行に行く。,連動文
115,后年,再来年,hòunián,我打算后年去中国留学。,Wǒ dǎsuàn hòunián qù Zhōngguó liúxué.,私は再来年中国に留学するつもりです。,連動文,
116,前天,おととい,qiántiān,前天星期二。,Qiántiān xīngqītiān．,おとといは日曜日です。,名詞述語文,
117,昨天,昨日,zuótiān,昨天我买了一本书。,Zuótiān wǒ mǎile yì běn shū．,昨日私は本をい冊買った。,動詞述語文
118,今天,今日,jīntiān,今天星期天。,Jīntiān shì xīngqītiān．,今日は日曜日です。,名詞述語文
119,明天,明日,míngtiān,明天我去医院。,Míngtiān wǒ qù yīyuàn．,明日私は病院に行きます。,動詞述語文
120,后天,あさって,hòutiān,后天我去我奶奶家。,Hòutiān wǒ qù wǒ nǎinai jiā．,あさって私はお祖母ちゃんの家に行きます。,動詞述語文
121,早上,朝,zǎoshang,早上好！,Zǎoshang hǎo!,おはよう！,
122,白天,昼間,báitiān,白天很暖和。,Báitiān hěn nuǎnhuo,昼間は暖かい。,形容詞述語文
123,傍晚,夕方,bàngwǎn,傍晚的景色非常美丽。,Bàngwǎn de jǐngsè fēicháng měilì.,夕方の景色は非常に美しい。,形容詞述語文
124,夜里,夜,yèli,昨天夜里11点我走路回家。,Zuǒtiān yèli shíyī diǎn wǒ zǒu lù huí jiā.,昨日の夜１１時に私は歩いて家に帰った。,連動文
125,晚上,夜,wǎnshang,晚上再谈吧。,Wǎnshang zài tán ba.,夜また話しましょう。,動詞述語文
126,半夜,真夜中・夜の半分,bànyè,我们得回家了，已经半夜了。,Wǒmen děi huíjiā le，yǐjīng bànyè le.,私たちは帰らなくては。もう夜中になってしまった。,助動詞“得”
127,上午,午前,shàngwǔ,明天上午10点集合。,Míngtiān shàngwǔ shídiǎn jíhé．,明日午前十時に集まります。,動詞述語文
128,中午,お昼,zhōngwǔ,中午我去图书馆。,Zhōngwǔ wǒ qù túshūguǎn．,お昼に私は図書館に行きます。,動詞述語文
129,下午,午後,xiàwǔ,今天下午有课。,Jīntiān xiàwǔ yǒu kè．,今日の午後は授業がある。,所有を表す動詞の“有”
130,每天,毎日,měitiān,我每天学习汉语。,Wǒ měitiān xuéxi Hànyǔ．,私は毎日中国語の勉強をします。,動詞述語文
131,星期天,日曜日,xīngqītiān,星期天我去公园。,Xīngqītiān wǒ qù gōngyuán．,日曜日私は公園に行く。,動詞述語文
132,星期日,日曜日,xīngqīrì,星期日我去公园。,Xīngqīrì wǒ qù gōngyuán．,日曜日私は公園に行く。,動詞述語文
133,星期一,月曜日,xīngqīyī,星期一我休息。,Xīngqīyī wǒ xiūxi．,月曜日私は休む。,動詞述語文
134,星期二,火曜日,xīngqī'èr,星期二我有课。,Xīngqī'èr wǒ yǒu kè．,火曜日私は授業がある。,所有を表す動詞の“有”
135,星期三,水曜日,xīngqīsān,星期三我上街买东西。,Xīngqīsān wǒ shàngjiē mǎi dōngxi．,水曜日私は町に買い物に行く。,連動文
136,星期四,木曜日,xīngqīsì,星期四我去看电影。,Xīngqīsì wǒqù kàn diànyǐng．,木曜日私は映画を見に行く。,動詞述語文
137,星期五,金曜日,xīngqīwǔ,星期五我去博物馆。,Xīngqīwǔ wǒ qù bósùguǎn．,金曜日私は博物館に行く。,動詞述語文
138,星期六,土曜日,xīngqīliù,星期六我去迪斯尼乐园。,Xīngqīliù wǒqù Dísīnílèyuán．,土曜日私はディズニーランドに行く。,動詞述語文
139,上星期,先週,shàngxīngqī,上星期我去博物馆。,Shàngxīngqī wǒ qù bówùguǎn．,先週私は博物館に行った。,動詞述語文
140,上个星期,先週,shàng ge xīngqī,上个星期我去博物馆。,Shàngge xīngqī wǒ qù bówùguǎn．,先週私は博物館に行った。,動詞述語文
141,这星期,今週,zhèxīngqī,这星期有课吗?,Zhèxīngqī yǒu kè ma?,今週授業はありますか？,所有を表す動詞の“有”
142,这个星期,今週,zhège xīngqī,这个星期有课吗?,Zhège xīngqī yǒu kè ma?,今週授業はありますか？,所有を表す動詞の“有”
143,下星期,来週,xiàxīngqī,下星期你去哪儿?,Xiàxīngqī nǐ qù nǎr?,来週あなたはどこに行きますか？,疑問詞疑問文
144,下个星期,来週,xià ge xīngqī,下个星期你去哪儿?,Xià ge xīngqī nǐ qù nǎr?,来週あなたはどこに行きますか？,疑問詞疑問文
145,时间,時間,shíjiān,一年的时间并不算长。,Yì nián de shíjiān bìng bú suàn cháng.,一年という時間は長いとは言えない。,形容詞述語文
146,以前,以前,yǐqián,在我走以前我想看我妈一次。,Zài wǒ zǒu yǐqián wǒ xiǎng kàn wǒ mā yí cì.,出ていく前に母に一度会っておきたかった。,助動詞“想”
147,最后,最後,zuìhòu,最后他粗暴地打断了我的话。,Zuìhòu tā cūbào de dǎduànle wǒ de huà.,最後に彼は乱暴に私の話を打ち切った。,動詞述語文
148,路口,曲がり角,lùkǒu,在前面的路口往右拐就到。,Zài qiánmian de lùkǒu wǎng yòu guǎi jiù dào 。,前の曲がり角を右に曲がると着きます。,介詞“往”
149,十字路口,十字路・交差点,shízì lùkǒu,下一个十字路口往左拐就到。,Xià yí ge shízìlùkǒu wǎng zuǒ guǎi jiù dào.,次の交差点を左に曲がるとすぐです。,介詞“往”と副詞“就”
150,旁边,そば,pángbiān,学校旁边有一个公园。,Xuéxiào pángbiān yǒu gōngyuán．,学校のそばに公園がある。,存在を表す動詞の“有”
151,对面,向かい側,duìmiàn,便利店的对面就是我家。,Biànlìdiàn de duìmiàn jiùshì wǒ jiā 。,コンビニの向かいが私の家です。,“是”構文
152,外边,外・外側,wàibian,外边可以，里边不行。,Wàibian kěyǐ，lǐbian bù xíng.,外はいいけど中はダメです。,助動詞“可以”
153,地方,場所,dìfang,这个地方有点脏。,Zhège dìfang yǒudiǎn zāng.,ここは少し汚い。,“有点儿”
154,前边,前・前の方,qiánbian,听课的时候他总是坐在前边。,Tīngkè de shíhou tā zǒngshì zuòzài qiánbian.,授業の時彼はいつも前の方に座っている。,結果補語
155,后边,後・後の方,hòubian,请排在后边。,Qǐng páizài hòubian.,後ろに並んでください。,結果補語
156,里边,中・中の方,lǐbian,里边请！,Lǐbian qǐng!,中にお入りください！,命令
157,上边,上・上の方,shàngbian,点击上边图像！,Diǎnjī shàngbian túxiàng !,上のアイコンをクリックして！,命令
158,下边,下・下の方,xiàbian,图片下边有说明。,Túpiàn xiàbian yǒu shuōmíng.,図の下に説明がある。,所有を表す動詞の“有”
159,右边,右・右の方,yòubian,右边的那座建筑是我们学校。,Yòubian de nà zuò jiànzhù shì wǒmen xuéxiào.,右側のあの建物は私たちの学校です。,“是”構文
160,左边,左・左側,zuǒbian,左边是放包的地方。,Zuǒbian shì fàng bāo de dìfang.,左側はカバンを置く場所です。,“是”構文
161,谁,誰,shéi,谁是你的哥哥?,Shéi shì nǐ de gēge．,どの人があなたのお兄さんですか？,疑問詞疑問文
162,这,これ,zhè,这是什么?,Zhè shì shénme?,これは何ですか？,疑問詞疑問文
163,那,あれ,nà,那是手机。,Nà shì shǒujī．,あれはケータイです。,“是”構文
164,什么,何,shénme,这是什么?,Zhè shì shénme?,これは何ですか？,“是”構文と疑問詞疑問文
165,多少,いくら・どれほど,duōshao,这个多少钱？,Zhèige duōshao qián?,これはいくらですか？,疑問詞疑問文
166,几,いくつ,jǐ,小朋友，你几岁了？,Xiǎopéngyou,nǐ jǐ suì le?,坊や（お嬢ちゃん）、何歳？,疑問詞疑問文
167,哪个,どの・どれ,nǎge (neǐge),你要哪个？,Nǐ yào nǎge (něige)?,どれがほしいんですか？,疑問詞疑問文
168,哪里,どこ,nǎli,你家在哪里？,Nǐ jiā zài nǎli?,あなたの家はどこにあるんですか？,疑問詞疑問文
169,哪儿,どこ,nǎr,你想去哪儿， 就去哪儿。,Nǐ xiǎng qù nǎr,jiù qù nǎr.,行きたいところに行けば。,疑問詞の呼応表現
170,大家,みんな,dàjiā,大家都走了。,Dàjiā dōu zǒu le.,みんな出かけました。,語気の“了”
171,块,元（通貨の単位）,kuài,一个五十块。,Yí ge wǔshí kuài．,１個５０元です。,名詞述語文
172,个,～つ（人などを数える）,ge,班上只有两个学生。,Bānshang zhǐ yǒu liǎng ge xuésheng.,クラスには生徒が二人しかいない。,存在を表す動詞の“有”
173,口,～人（家族を数える）,kǒu,你家里有几口人？,Nǐ jiāli yǒu jǐ kǒu rén?,何人家族ですか？,所有を表す動詞の“有”と疑問詞疑問文
174,年,～年（年数を数える）,nián,今年不是2020年。,Jīnnián bú shì èr líng èr líng nián.,今年は２０２０年ではない。,名詞述語文
175,去,行く,qù,她去。,Tā qù．,彼女は行きます。,動詞述語文
176,来,来る,lái,他说他明天来。,Tā shuō tā míngtiān lái．,彼は明日来ると言いました。,動詞述語文
177,走,歩く,zǒu,我们走着去吧。,Wǒmen zǒuzhe qù ba．,私たちは歩いて行きましょう。,持続の“着”
178,跑,走る,pǎo,我们跑着去吧。,Wǒmen pǎozhe qù ba.,私たちは走って行きましょう。,持続の“着”
179,回,帰る・戻る,huí,他已经回家了。,Tāmen yǐjing huíjiā le．,彼はもう帰宅しました。,動詞述語文
180,站,立つ,zhàn,她站着看书。,Tā zhànzhe kàn shū．,彼女は立って本を読む。,持続の“着”
181,坐,坐る,zuò,他跟爸爸坐着说话。,Tāgēn bàba zuòzhe shuō huà．,彼は父親と坐って話をする。,介詞“跟”
182,拐,曲がる,guǎi,一直走，到路口往右拐。,Yìzhí zǒu，dào lùkǒu wǎng yòu guǎi.,まっすぐ行き、曲がり角で右に曲がります。,介詞“往”
183,干,やる・する,gàn,你干什么?,Nǐ gàn shénme?,何をするの？,疑問詞疑問文
184,搞,やる・する,gǎo,这工作很难搞。,Zhè gōngzuò hěn nán gǎo．,この仕事は難しい。,形容詞述語文
185,做,する,zuò,你做什么?,Nǐ zuò shénme?,あなたは何をしますか？,疑問詞疑問文
186,看,見る,kàn,爸爸看报纸。,Bàba kàn bàozhǐ．,父は新聞を読みます。,動詞述語文
187,看见,目に入る・見える,kànjiàn,我从新干线里看见了漂亮的富士山。,Wǒ cóng xīngànxiànli kànjiànle piàoliàng de fùshìshān.,私は新幹線から美しい富士山を見た。,介詞“从”
188,听,聴く,tīng,我喜欢听音乐。,Wǒ xǐhuan tīng yīnyuè．,私は音楽を聞くのが好きです。,動詞述語文
189,听见,聞こえる,tīngjiàn,我听见了有人敲门。,Wǒ tīngjiàn yǒu rén qiaō mén.,私は誰かがノックするのを聞いた。,結果補語
190,写,書く,xiě,我天天写中文日记。,Wǒ tiāntiān xiě Zhōngwén rìjì．,私は毎日中国語の日記を書きます。,動詞述語文
191,说,話す,shuō,我说汉语。,Wǒ shuō Hànyǔ．,私は中国語を話す。,動詞述語文
192,讲,話す,jiǎng,你讲个鬼怪故事给我听听吧。,Nǐ jiǎng ge guǐguài gùshi gěi wǒ tīng ting ba.,お化けの話を聞かせて。,介詞“给”
193,谈,話す,tán,我们谈谈现实的问题。,Wǒmen tán tan xiànshí de wèntí.,現実の問題を話しましょう。,動詞の重ね型
194,告诉,伝える,gàosu,请告诉我你的电话号码儿。,Qǐng gàosu wǒ nǐ de diànhuà hàomǎr 。,あなたの電話番号を教えてください。,命令
195,想,考える,xiǎng,你想什么?,Nǐ xiǎng shénme?,あなたは何を考えているの？,動詞述語文と疑問詞疑問文
196,问,聞く・尋ねる,wèn,请问，王老师在家吗?,Qǐng wèn，Wáng lǎoshī zài jiā ma?,すみません、王先生はご在宅ですか？,存在を表す動詞の“在”
197,要,いる・もらう,yào,你要什么?,Nǐ yào shénme?,あなたは何がほしいの？,疑問詞疑問文
198,打,打つ,dǎ,别打她！,Bié dǎ tā！,彼女をたたかないで！,禁止
199,开,開ける・運転する,kāi,门都开着。,Mén dōu kāizhe．,ドアがあいている。,持続の“着”
200,给,与える,gěi,请给我这个。,Qǐng gěi wǒ zhège.,これをください。,二重目的語の文
201,叫,（名前は）～と言う,jiào,我叫王明。,Wǒ jiào Wáng Míng．,私は王明と言います。,動詞述語文
202,姓,～という苗字だ,xìng,我姓王。,Wǒ xìng Wáng．,私は王と申します。,動詞述語文
203,请,お願いする・招く・ご馳走する,qǐng,他们请我去吃饭。,Tāmen qǐng wǒ qù chīfàn．,彼らは私にご馳走してくれた。,使役文と兼語文
204,没（有）,ない・いない,méi(you),我没有兄弟姐妹。,Wǒ méiyou xiōngdì jiěmèi.,私にはきょうだいがいない。,所有を表す動詞の“有”
205,是,～である,shì,这是他的手机。,Zhè shì tā de shǒujī.,これは彼の携帯電話です。,“是”構文
206,有,①持っている　②ある・いる,yǒu,他很爱我，可他没有房子。,Tā hěn ài wǒ,kě tā méiyou fángzi.,彼は私をとても愛しているけれど、でも彼には家がない。,所有を表す動詞の“有”
207,在,ある・いる,zài,我爸爸在家。,Wǒ bàba zài jiā.,父は家にいます。,存在を表す動詞の“在”
208,吃,食べる,chī,你吃早饭吗?,Nǐ chī zǎofàn ma?,あなたは朝ごはんを食べましたか？,動詞述語文
209,喝,飲む,hē,我喝可乐。,Wǒ hē kělè．,私はコーラを飲む。,動詞述語文
210,干杯,乾杯する,gānbēi,为你的健康干杯！,Wèi nǐ de jiànkāng gānbēi ！,ご健康を祝して乾杯！,
211,骑,またがって乗る,qí,我骑自行车去。,Wǒ qí zìxíngchē qù．,私は自転車で行く。,連動文
212,飞,飛ぶ,fēi,院子里飞来了三只蝴蝶。,Yuànzi li fēilaile sān zhī húdié．,庭に蝶々が三匹飛んできた。,存現文
213,出发,出発する,chūfā,我们下星期三出发。,Wǒmen xiàxīngqīsān chūfā．,私たちは来週の水曜日に出発します。,動詞述語文
214,到,到着する,dào,终于到了高考这一刻。,Zhōngyú dàlle gāokǎo zhè yí kè.,ついに大学入試の時が来た。,完了の“了”
215,过,通り過ぎる,guò,过了桥就到东京了。,Guòle qiáo jiù dào Dōngjīng le.,橋を渡ると東京です。,完了の“了”
216,上,①上がる　②乗る　③行く,shàng,我要去上厕所。,Wǒ yào qù shàng cèsuǒ.,トイレに行きたいんだ。,助動詞“要”
217,下,①下りる　②降る　③（碁などを）打つ,xià,我们下车吧。,Wǒmen xiàchē ba.,車から下りましょう。,語気助詞の“吧”
218,回,帰る,huí,咱们一起回家吧。,Zánmen yìqǐ huí jiā ba.,いっしょに家に帰ろう。,語気助詞の“吧”
219,进,入る・進む,jìn,请进!,Qǐng jìn！,どうぞお入りください。,命令
220,出,出る,chū,王军，你给我出来！,Wáng Jūn，nǐ gěi wǒ chūlai！,王軍、出てきなさい！,命令
221,出生,生まれる,chūshēng,我出生在日本。,Wǒ chūshēngzài Rìběn．,私は日本で生まれました。,結果補語
222,生活,生活する,shēnghuó,他在美国生活了十年。,Tā zài Měiguó shēnghuóle shí nián．,彼はアメリカで１０年暮らした。,介詞“在”
223,睡觉,眠る,shuìjiào,我十点睡觉。,Wǒ shídiǎn shuìjiào．,私は十時に寝ます。,動詞述語文
224,起床,起きる,qǐchuáng,我每天早晨六点起床。,Wǒ měitiān zǎochén liùdiǎn qǐchuáng．,私は毎朝６時に起きる。,動詞述語文
225,穿,着る・履く（はく）,chuān,今天你穿什么衣服?,Jīntiān nǐ chuān shénme yīfu．,今日あなたは何を着ますか？,疑問詞疑問文
226,戴,つける,dài,他戴着隐形眼镜。,Tā dàizhe yǐnxíng yǎnjìng．,彼はコンタクトレンズをつけている。,持続の“着”
227,花,使う,huā,昨天我花了很多钱。,Zuótiān wǒ huāle hěn duō qián.,昨日私はたくさんのお金を使った。,動詞述語文と完了の“了”
228,买,買う,mǎi,你车票买好了吗？,Nǐ chēpiào mǎihǎole ma?,列車の切符は買えましたか？,結果補語
229,参观,見学する,cānguān,明天我领着游客参观故宫。,Míngtiān wǒ lǐngzhe yóukè cānguān Gùgōng.,明日私は観光客を故宮見学に連れていきます。,連動文
230,参加,出席する・参加する,cānjiā,明天的会议，你参加不参加？,Míngtiān de huìyì，nǐ cānjiā bù cānjiā?,明日の会議、あなたは出席しますか？,動詞述語文
231,上班,出勤する,shàngbān,今天我不上班。,Jīntiān wǒ bù shàngbān．,今日私は出勤しません。,動詞述語文
232,下班,退勤する,xiàbān,他们已经下班了。,Tāmen yǐjing xiàbān le．,彼らはもう退勤しました。,動詞述語文
233,上学,通学する,shàngxué,我每天八点上学。,Wǒ měitiān bādiǎn shàngxué．,私は毎日８時に学校に行く。,動詞述語文
234,上课,授業をする・授業に出る・授業が始まる,shàngkè,钟点到了，我们上课吧。,Zhōngdiǎn dào le,wǒmen shàngkè ba.,時間になりましたので授業を始めましょう。,語気の“了”と語気助詞の“吧”
235,学,学ぶ・習う・勉強する,xué,我想学二胡。,Wǒ xiǎng xué èrhú.,私は胡弓を習いたい。,助動詞“想”
236,学习,勉強する,xuéxí,我学习汉语。,Wǒ xuéxí Hànyǔ．,私は中国語の勉強をします。,動詞述語文
237,念,①声を出して読む　②勉強する,niàn,我们一起念课文吧。,Wǒmen yìqǐ niàn kèwén ba.,いっしょに声を出してテキスト本文を読みましょう。,動詞述語文と語気助詞の“吧”
238,复习,復習する,fùxí,我要复习一下。,Wǒ yào fùxí yíxià．,私は少し復習しなければならない。,助動詞“要”と“一下”
239,教,教える,jiāo,王老师教学生汉语。,Wáng lǎoshī jiāo xuésheng Hànyǔ．,王先生は学生に中国語を教える。,二重目的語の文
240,唱,歌う,chàng,我喜欢唱歌。,Wǒ xǐhuan chàng gē．,私は歌うのが好きです。,動詞述語文
241,玩儿,遊ぶ,wánr,下星期天你到我家来玩儿吧。,Xiàxīngqītiān nǐ dào wǒ jiā lái wánr ba.,来週の日曜日うちに遊びにおいでよ。,連動文
242,游泳,泳ぐ,yóuyǒng,你会游泳吗?,Nǐ huì yóuyǒng ma?,泳げますか？,助動詞“会”
243,懂,わかる・理解する,dǒng,他什么都不懂。,Tā shénme dōu bù dǒng．,彼は何もわかっていない。,
244,笑,笑う,xiào,你笑一笑！,Nǐ xiào yi xiao！,笑って！,命令
245,喜欢,好きだ,xǐhuan,我喜欢你。,Wǒ xǐhuan nǐ．,私はあなたが好きです。,動詞述語文
246,明白,わかる・はっきりする,míngbai,你明白了吗?,Nǐ míngbaile ma?,わかりましたか？,完了の“了”
247,美丽,美しい,měilì,这里的风景非常美丽。,Zhèli de fēngjǐng fēicháng měilì.,ここの景色はとても美しい。,形容詞述語文
248,漂亮,きれいな,piàoliang,她很漂亮。,Tā hěn piàoliang．,彼女はとてもきれいです。,形容詞述語文
249,好看,きれい（見たかんじが）,hǎokàn,你穿的裙子很好看。,Nǐ chuān de qúnzi hěn hǎokàn．,あなたの履いているスカートはとてもきれいです。,形容詞述語文
250,干净,清潔だ,gānjìng,我的房间很干净。,Wǒ de fángjiān hěn gānjìng．,私の部屋はとてもきれいです。,形容詞述語文
251,高兴,嬉しい,gāoxìng,我很高兴。,Wǒ hěn gāoxìng．,私は嬉しい。,形容詞述語文
252,热,暑い・熱い,rè,东京的夏天很热。,Dōngjīng de xiàtiān hěn rè．,東京の夏は暑い。,形容詞述語文
253,暖和,暖かい,nuǎnhuo,今天很暖和。,Jīntiān hěn nuǎnhuo．,今日は暖かい。,形容詞述語文
254,凉快,涼しい,liángkuai,今天很凉快。,Jīntiān hěn liángkuai．,今日は涼しい。,形容詞述語文
255,冷,寒い,lěng,今天早晨可冷。,Jīntiān zǎochén kě lěng．,今朝はとても寒かった。,形容詞述語文
256,贵,高い,guì,这个很贵。,Zhège hěn guì．,これは高い。,形容詞述語文
257,便宜,安い,piányi,那个很便宜。,Nàge hěn piányi．,あれは安い。,形容詞述語文
258,长,長い,cháng,她写很长的信。,Tā xiě hěn cháng de xìn．,彼女は長い手紙を書く。,動詞述語文
259,短,短い,duǎn,他写很短的日记。,Tā xiě hěn duǎn de rìjì。,彼は短い日記をつける。,動詞述語文
260,难,難しい,nán,汉语不难。,Hànyǔ bù nán．,中国語は難しくない。,形容詞述語文
261,多,多い,duō,操场上有很多学生。,Cāochǎng shang yǒu hěn duō xuésheng．,グラウンドには学生がたくさんいる。,所有を表す動詞の“有”
262,少,少ない,shǎo,那儿学生很少。,Nàr xuésheng hěn shǎo．,あそこは学生が少ない。,形容詞述語文
263,近,近い,jìn,你家离大学近吗?,Nǐ jiā lí dàxué jìn ma?,あなたの家は大学から近いですか？,介詞“离”
264,慢,遅い,màn,请你慢一点儿说。,Qǐng nǐ màn yìdiǎnr shuō。,どうかゆっくり話してください。,“一点儿”
265,快,速い,kuài,快来！,Kuài lái！,早く来て！,命令
266,好吃,美味しい（食べ物が）,hǎochī,饺子很好吃。,Jiǎozi hěn hǎochī．,餃子は美味しい。,形容詞述語文
267,不错,たいしたものだ,búcuò,她唱得很不错。,Tā chàngde hěn búcuò.,彼女の歌はとてもいい。,様態補語
268,累,疲れる,lèi,锻炼身体太累。,Duànliàn shēntǐ tài lrèi．,身体を鍛えることはひどく疲れる。,形容詞述語文
269,差不多,ほとんどの・ほとんど同じだ,chàbuduō,这两个孩子年龄差不多。,Zhè liǎng ge háizi niánlíng chàbuduō.,この二人の子供は年ごろが同じくらいだ。,形容詞述語文
270,行,OKです・よろしい・能力がある,xíng,行，我跟你一起去。,Xíng，wǒ gēn nǐ yìqǐ qù．,いいですよ、あなたといっしょに行きましょう。,介詞“跟”
271,对,正しい・合っている,duì,这样翻译对吗？,Zhèyàng fānyì duì ma?,このような訳で合っていますか？,形容詞述語文
272,错,間違っている,cuò,对不起，我错了。,Duìbuqǐ,wǒ cuò le.,ごめんなさい、私が間違っていました。,語気の“了”
273,饿,お腹がすく,è,我饿了。,Wǒ è le.,お腹がすいた。,語気の“了”
274,渴,のどが渇いている,kě,你口渴吗？,Nǐ kǒu kě ma?,のどが渇いていませんか？,形容詞述語文
275,高,高い,gāo,他个子很高。,Tā gèzi hěn gāo.,彼は背が高い。,形容詞述語文
276,大,大きい,dà,这件衣服太大了。,Zhè jiàn yīfu tài dà le.,この服は大きすぎる。,形容詞述語文
277,好,良い,hǎo,今天天气真好！,Jīntiān tiānqì zhēn hǎo!,今日は本当に良いお天気です！,主述述語文
278,客气,遠慮する・礼儀正しい,kèqi,请不要客气。,Qǐng bú yào kèqi.,どうか遠慮なさらず。,命令
279,新,新しい,xīn,这件新衣服真好看。,Zhè jiàn xīn yīfu zhēn hǎokàn.,この新しい服は本当にきれいだ。,形容詞述語文
280,老,①年を取っている②古い,lǎo,我已经老了，脑子也糊涂了。,Wǒ yǐjing lǎo le,nǎozi yě hútu le.,すっかり年を取って、頭もぼけてきました。,語気の“了”
281,年轻,若い,niánqīng,你显得很年轻啊！,Nǐ xiǎnde hěn niánqīng a!,お若いですね！,動詞述語文
282,就,すぐに,jiù,雨停了，我就走。,Yǔ tíng le，wǒ jiù zǒu.,雨がやんだらすぐ出かけます。,副詞“就”
283,才,やっと・ようやく,cái,他怎么才来？,Tā zěnme cái lái?,彼はなんだって今頃来たの？,副詞“才”
284,都,すべて・みんな,dōu,你家人都好吗？,Nǐ jiāren dōu hǎo ma?,ご家族はみなお元気ですか？,副詞“都”
285,再,①また　②もっと　③それから,zài,你明天再来吧。,Nǐ míngtiān zài lái ba.,明日また来てね。,副詞“再”
286,也,～もまた,yě,我也想去西藏。,Wǒ yě xiǎng qù Xīzàng.,私もチベットに行ってみたい。,助動詞“想”
287,更,更に・もっと,gèng,她的包比我的更好。,Tā de bāo bǐ wǒ de gèng hǎo.,彼女のバッグは私のよりずっと良い。,比較文
288,还,①まだ②さらに,hái,明天你还来吗？,Míngtiān nǐ hái lái ma?,明日また来ますか？,副詞“还”
289,不,～ない（動作・行為を否定する）・～ない（形容詞を否定する）,bù,我不去北京，去上海。,Wǒ bú qù Běijīng,qù Shànghǎi.,私は北京には行かず、上海に行きます。,動詞述語文と否定の“不”と未然の“没”
290,没（有）,～しなかった・～していない,méi(you),我没有上大学。,Wǒ méiyou shàng dàxué.,私は大学に行かなかった（行っていない）。,否定の“不”と未然の“没”
291,在,～している（動作の進行や持続を示す）,zài,他在吃饭呢。,Tā zài chī fàn ne.,彼はご飯を食べているところです。,進行形
292,正在,～している（動作の進行や持続を示す）,zhèngzài,他正在洗澡呢。,Tā zhèngzài xǐzǎo ne.,彼はちょうどお風呂に入っているところです。,進行形
293,马上,すぐ,mǎshàng,他没有马上回答。,Tā méiyou mǎshàng huídá.,彼はすぐには答えなかった。,否定の“不”と未然の“没”
294,很,とても,hěn,我的汉语不是很好，所以只能用英语来问。,Wǒ de Hànyǔ bú shì hěn hǎo，suǒyǐ zhǐ néng yòng Yīngyǔ lái wèn.,私の中国語はたいしたことがないので、英語でしか質問ができません。,部分否定と関連詞
295,太,①非常に　②あまりにも,tài,太好了！,Tài hǎo le !,ヤッター！,語気の“了”
296,非常,非常に,fēicháng,有一篇文章让我非常感动。,yǒu yì piān wénzhāng ràng wǒ fēicháng gǎndòng.,ある文章に非常に感動した。,使役文と兼語文
297,对,～に対して,duì,我对中国文化感兴趣。,Wǒ duì Zhōngguó wénhuà gǎn xìngqu.,私は中国文化に興味がある。,介詞“对”
298,在,～で（時間や場所を導く）,zài,我爸爸在家里工作。,Wǒ bàba zài jiāli gōngzuò.,父は家で仕事をしています。,介詞“在”
299,还是,それとも,háishi,你喝热咖啡，还是喝冰咖啡？,Nǐ hē rèkāfēi,háishi hē bīngkāfēi?,コーヒーはホットですか、それともアイスですか？,選択疑問文
300,为什么,なぜ,wèi　shénme,你为什么不说话?,Nǐ wèi shénme bù shuō huà?,あなたはなぜなにも話さないの？,疑問詞疑問文
1,父亲,父・父親,fùqin,他的父亲是位医生。,Tā de fùqin shì wèi yīshēng.,彼の父親はお医者さんです。,“是”構文
2,母亲,母・母親,mǔqin,黄河是中国的母亲河。,Huánghé shì Zhōngguó de mǔqinhé.,黄河は中国の母なる川です。,“是”構文
3,爱人,配偶者（夫または妻）,àiren,这是她的爱人。,Zhè shì tā de àiren．,こちら彼女のご主人です。,“是”構文
4,丈夫,夫,zhàngfu,这是我的丈夫。,Zhè shì wǒ de zhàngfu。,うちの夫です。,“是”構文
5,妻子,妻,qīzi,他妻子真好看！,Tā qīzi zhēn hǎokàn！,彼女の奥さんは本当に美人だ。,形容詞述語文
6,儿子,息子,érzi,他是我儿子。,Tā shì wǒ érzi．,彼は私の息子です。,“是”構文
7,女儿,娘,nǙ'ér,她是我女儿。,Tā shì wǒ nǙ'ér．,彼女は私の娘です。,“是”構文
8,独生子,一人っ子（一人息子）,dúshēngzǐ,我是独生子。,Wǒ shì dúshēngzǐ．,私は一人っ子です。,“是”構文
9,独生女,一人っ子（一人娘）,dúshēngnǙ,小王是独生女。,Xiǎo Wáng shì dúshēngnǚ。,王さんは一人娘だ。,“是”構文
10,爷爷,父方の祖父,yéye,他是我爷爷。,Tā shì wǒ yéye．,彼は私の父方の祖父です。,“是”構文
11,奶奶,父方の祖母,nǎinai,她是我奶奶。,Tā shì wǒ nǎinai．,彼女は私の父方の祖母です。,“是”構文
12,老爷,母方の祖父,lǎoyé,他不是我爷爷，是我老爷。,Tā bù shì wǒ yéye，shì wǒ lǎoyé。,彼は私の父方の祖父ではなく、母方の祖父です。,“是”構文
13,姥姥,母方の祖母,lǎolao,姥姥，给您这个。,Lǎolao，gěi nín zhège。,おばあちゃん、これあげるよ。,動詞述語文
14,孙子,男の孫（内孫）,sūnzi,那孩子是我孙子。,Nà háizi shì wǒ sūnzi.,あの子は私の孫です。,“是”構文
15,孙女儿,女の孫,sūnnǙ'ér,她是我孙女儿。,Tā shì wǒ sūnnǚ'ér。,あの子は私の孫娘です。,“是”構文
16,家人,家族,jiārén,她是我家人。,Tā shì wǒ jiārén．,彼女は私の家族です。,“是”構文
17,礼物,プレゼント,lǐwù,我给你一个礼物。,Wǒ gěi nǐ yí ge lǐwù．,私はあなたにプレゼントを一つ上げます。,二重目的語の文
18,关系,関係・間柄・コネ,guānxi,我们是朋友关系。,Wǒmen shì péngyou guānxi．,私たちは友人の間柄です。,“是”構文
19,年纪,年齢,niánjì,您多大年纪了？,Nín duōdà niánjì le ?,おいくつでいらっしゃいますか？,疑問詞疑問文
20,客人,お客,kèren,来客人了！,Lái kèren le!,お客さんがいらしたよ！,存現文
21,面,めん類,miàn,你吃米饭还是吃面?,Nǐ chī mǐfàn háishi chī miàn?,ご飯にしますか、それとも麺類？,選択疑問文
22,面条,めん類,miàntiáo,我喜欢吃面条。,Wǒ xǐhuan chī miàntiáo．,私はめん類が好きだ。,動詞述語文
23,点心,お菓子,diǎnxīn,我们一起吃中国点心吧。,Wǒmen yìqǐ chī Zhōngguó diǎnxīn ba．,私たちいっしょに中国のお菓子を食べましょう。,動詞述語文
24,饺子,ギョーザ,jiǎozi,我会包饺子。,Wǒ huì bāo jiǎozi．,私はギョーザを作れる。,助動詞“会”
25,汤,スープ,tāng,汤要是太热，用匙子搅搅。,Tāng yàoshi tài rè，yòng chízi jiǎo jiao.,スープがもし熱すぎたら、スプーンでかきまぜて。,関連詞
26,食堂,食堂,shítáng,学生都在食堂里吃午饭。,Xuésheng dōu zài shítáng li chī wǔfàn．,学生は皆食堂でお昼を食べます。,介詞“在”
27,菜单,メニュー,càidān,给我看看菜单。,Gěi wǒ kànkan càidān．,私にメニューを見せてください。,介詞“给”
28,饮料,飲み物,yǐnliào,你要什么饮料?,Nǐ yào shénme yǐnliào．,あなたは何を飲みますか？,疑問詞疑問文
29,啤酒,ビール,píjiǔ,我爸爸喜欢喝啤酒。,Wǒ bàba xǐhuan hē píjiǔ．,父はビールが好きです。,動詞述語文
30,酒,酒,jiǔ,喝很多酒对身体不好。,Hē hěn duō jiǔ duì shēntǐ bù hǎo．,お酒をたくさん飲むことは体に良くない。,介詞“对”
31,果汁,ジュース,guǒzhī,这是果汁。,Zhè shì guǒzhī．,これはジュースです。,“是”構文
32,可乐,コーラ,kělè,我要可乐。,Wǒ yào kělè．,私はコーラがほしい。,動詞述語文
33,汽水,炭酸飲料・サイダー,qìshuǐ,那里可以买汽水。,Nàli kěyǐ mǎi qìshuǐ．,あそこで炭酸飲料が買える。,助動詞“可以”
34,咖啡,コーヒー,kāfēi,我喝咖啡。,Wǒ hē kāfēi．,私はコーヒーを飲む。,動詞述語文
35,红茶,紅茶,hóngchá,我喝红茶。,Wǒ hē hóngchá．,私は紅茶を飲む。,動詞述語文
36,牛奶,牛乳,niúnǎi,我喜欢喝牛奶。,Wǒ xǐhuan hē niúnǎi．,私は牛乳が好き。,動詞述語文
37,苹果,リンゴ,píngguǒ,我吃苹果。,Wǒ chī píngguǒ．,私はリンゴを食べる。,動詞述語文
38,白菜,白菜,báicài,白菜物美价廉，怎么做都很好吃。,Báicài wù měi jià lián，zěnme zuò dōu hěn hǎochī.,白菜は安くて美味しく、どんな料理にしてもおいしい。,不定の意味を持つ疑問詞
39,蛋糕,ケーキ,dàngāo,这个商店的蛋糕很好吃。,Zhège shāngdiàn de dàngāo hěn hǎochī．,この店のケーキはとても美味しい。,形容詞述語文
40,巧克力,チョコレート,qiǎokèlì,我喜欢吃巧克力。,Wǒ xǐhuan chī qiǎokèlì．,私はチョコレートが好きだ。,動詞述語文
41,糖,砂糖・飴,táng,咖啡加糖吗?,Kāfēi jiā táng ma ?,コーヒーにお砂糖は入れますか？,動詞述語文
42,衣服,服,yīfu,我想买这件衣服。,Wǒ xiǎng mǎi zhè jiàn yīfu。,私はこの服を買いたい。,助動詞“想”
43,裙子,スカート,qúnzi,你穿的裙子很好看。,Nǐ chuān de qúnzi hěn hǎokàn．,あなたのスカートはとてもきれいだ。,形容詞述語文
44,T恤衫,Tシャツ,Txùshān,T恤衫又称T字衫。,T xùshān yòu chēng T zìshān。,TシャツはT字シャツとも言います。,動詞述語文
45,毛衣,セーター,máoyī,这件毛衣很好。,Zhè jiàn máoyī hěn hǎo。,このセーターはとてもいい。,形容詞述語文
46,大衣,コート,dàyī,我买了一件大衣。,Wǒ mǎi le yí jiàn dàyī 。,私はコートを１つ買った。,動詞述語文と完了の“了”
47,手套,手袋,shǒutào,她戴着手套。,Tā dàizhe shǒutào．,彼女は手袋をつけている。,持続の“着”
48,眼镜,眼鏡,yǎnjìng,我不戴眼镜就看不见字。,Wǒ bú dài yǎnjìng jiù kànbujiàn zì.,私は眼鏡をかけないと字が見えません。,可能補語
49,院子,庭・中庭,yuànzi,你家的院子很大。,Nǐ jiā de yuànzi hěn dà．,あなたの家の庭はとても広い。,形容詞述語文
50,屋子,部屋,wūzi,屋子里都有谁？,Wūzi li dōu yǒu shéi?,部屋には誰がいるんですか？,存在を表す動詞の“有”と疑問詞疑問文
51,起居室,リビング・居間,qǐjūshì,我们把钢琴安放在起居室里。,Wǒmen bǎ gāngqín ānfàngzài qǐjūshì li。,私たちはピアノをリビングに置いた。,“把”構文
52,客厅,応接間・客間,kètīng,客厅里有一位客人。,Kètīng li yǒu yí wèi kèrén 。,客間にお客さんが一人いる。,存在を表す動詞の“有”
53,厨房,台所・キッチン,chúfáng,我家的厨房很小。,Wǒ jiā de chúfáng hěn xiǎo。,うちのキッチンはとても狭い。,
54,洗手间,お手洗い・洗面所,xǐshǒujiān,洗手间在哪儿?,Xǐshǒujiān zài nǎr ?,トイレはどこですか？,疑問詞疑問文
55,洗澡间,浴室,xǐzǎojiān,我家的洗澡间很干净。,Wǒ jiā de xǐzǎojiān hěn gānjìng．,家の浴室は清潔です。,形容詞述語文
56,窗户,窓,chuānghu,我可以打开窗户吗?,Wǒ dǎkāi chuānghu ma?,窓をあけてもいいですか？,助動詞“可以”
57,窗,窓,chuāng,他靠窗坐着。,Tā kào chuāng zuòzhe．,彼は窓辺にもたれて座っている。,持続の“着”
58,窗口,窓・窓口,chuāngkǒu,换钱在几号窗口?,Huànqián zài jǐ hào chuāngkǒu?,両替は何番の窓口ですか？,疑問詞疑問文
59,门口,入り口,ménkǒu,我们约定在医院门口碰头。,Wǒmen yuēdìng zài yīyuàn ménkǒu pèngtóu.,私たちは病院の入り口で会うことにした。,介詞“在”
60,墙,壁・塀,qiáng,她在墙上画画儿。,Tā zài qiángshang huà huàr．,彼女は壁に絵を描く。,介詞“在”
61,大楼,ビル,dàlóu,这座大楼一共多少层?,Zhè zuò dàlóu yígòng duōshao céng?,このビルは全部で何階ですか？,疑問詞疑問文
62,电梯,エレベーター,diàntī,我们坐电梯上去吧。,Wǒmen zuò diàntī shàngqu ba．,私たちエレベーターで上がりましょう。,連動文
63,宿舍,寮,sùshè,他们晚上九点回宿舍。,Tāmen wǎnshang jiǔdiǎn huí sùshè．,彼らは夜９時に寮に戻ります。,動詞述語文
64,办公室,オフィス,bàngōngshì,王先生在办公室吗?,Wáng xiānsheng zài bàngōngshì ma?,王さんはオフィスにいますか？,存在を表す動詞の“在”
65,摩托车,オートバイ・バイク,mótuōchē,他的父母反对他买摩托车的计划。,Tā de fùmǔ fǎnduì tā mǎi mótuōchē de jìhuà。,彼の親はオートバイを買うという彼の計画に反対だ。,動詞述語文
66,公交车,バス,gōngjiāochē,我坐公交车去机场。,Wǒ zuò gōngjiāochē qù jīchǎng．,私はバスで空港に行く。,連動文
67,巴士,バス,bāshì,我坐巴士去机场。,Wǒ zuò bāshì qù jīchǎng.,私はバスで空港に行った。,連動文
68,红绿灯,交通信号,hónglǛdēng,到红绿灯往左拐就到。,Dào hónglǛdēng wǎng zuǒ guǎi jiù dào.,信号の所で左に曲がれば着きます。,介詞“往”
69,船,船,chuán,从日本坐船去中国要多长时间？,Cóng Rìběn zuò chuán qù Zhōngguó yào duōcháng shíjiān?,日本から船で中国に行くにはどのくらい時間がかかりますか？,疑問詞疑問文
70,书架,本棚,shūjià,书架上放着很多书。,Shūjià shang fàngzhe hěn duō shū．,本棚にはたくさんの本がある。,存現文
71,灯,照明・電灯,dēng,我晚上开灯睡觉。,Wǒ wǎnshang kāi dēng shuìjiào．,私は夜電気をつけて寝る。,連動文
72,洗衣机,洗濯機,xǐyījī,那是洗衣机。,Nà shì xǐyījī．,あれは洗濯機です。,“是”構文
73,冰箱,冷蔵庫,bīngxiāng,冰箱里有什么?,Bīngxiāngli yǒu shénme?,冷蔵庫の中には何がありますか？,所有を表す動詞の“有”
74,被子,掛け布団,bèizi,妈妈给孩子盖好被子。,Māma gěi háizi gàihǎo bèizi．,お母さんは子供に布団をちゃんとかけてあげる。,介詞“给”と結果補語
75,手表,腕時計,shǒubiǎo,你的手表在这儿。,Nǐ de shǒubiǎo zài zhèr．,あなたの腕時計はここにあります。,存在を表す動詞の“在”
76,挂钟,掛け時計,guàzhōng,挂钟摆放在客厅的墙壁上。,Guàzhōng baǐfàngzài kètīng de qiángbì shang.,掛け時計が客間の壁に掛けられている。,結果補語
77,手机,ケータイ,shǒujī,你有手机吗?,Nǐ yǒu shǒujī ma?,あなたはケータイを持っていますか？,所有を表す動詞の“有”
78,碗,茶碗・湯呑み,wǎn,妈妈叫我洗碗。,Māma jiào wǒ xǐwǎn 。,母は私に茶碗を洗うように言う。,使役文と兼語文
79,杯子,コップ・グラス,Bēizi,她把杯子和碟子放在桌子上。,Tā bǎ bēizi hé diézi fàngzài zhuōzi shang.,彼女はコップと小皿をテーブルに置いた。,“把”構文
80,毛巾,タオル,máojīn,日本人泡温泉时为什么头上放毛巾呢？,Rìběnrén pào wēnquán shí wèishénme tóushang fàng máojīn ne?,日本人は温泉に入るときどうして頭にタオルをのせるの？,疑問詞疑問文
81,雨伞,傘,yǔsǎn,明天你带雨伞。,Míngtiān nǐ dài yǔsǎn．,明日傘を持ってきてください。,動詞述語文
82,相机,カメラ,xiàngjī,你带相机来。,Nǐdài xiàngjī lái．,カメラを持ってきて。,連動文
83,地图,地図,dìtú,我带了一本地图册出发了。,Wǒ dàile yìběn dìtúcè chūfāle 。,私は地図帳を一冊持って出発した。,連動文
84,信,手紙,xìn,我姐姐现在写信呢。,Wǒ jiějie xiànzài xiěxìn ne．,姉は今手紙を書いています。,進行形
85,信封,封筒,xìnfēng,信封里有一把钥匙。,Xìnfēng li yǒu yì bǎ yàoshi 。,封筒の中に鍵が一つ入っている。,存在を表す動詞の“有”
86,邮票,切手,yóupiào,给我1张5块的邮票。,Gěi wǒ yì zhāng wǔ kuài de yóupiào.,５元の切手を１枚ください。,二重目的語の文
87,铅笔,鉛筆,qiānbǐ,这是我的铅笔。,Zhè shì wǒ de qiānbǐ．,これは私の鉛筆です。,“是”構文
88,钢笔,万年筆,gāngbǐ,那是他的钢笔。,Nà shì tā de gāngbǐ．,あれは彼の万年筆です。,“是”構文
89,名片,名刺,míngpiàn,这是我的名片。,Zhè shì wǒ de míngpiàn．,これは私の名刺です。,“是”構文
90,香烟,たばこ,xiāngyān,抽香烟对身体不好。,Chōu xiāngyān duì shēntǐ bù hǎo．,たばこを吸うのは体に良くない。,介詞“对”
91,行李,荷物,xíngli,这些行李是我的。,Zhè xiē xíngli shì wǒ de．,この荷物は私のです。,“是”構文
92,纸,紙,zhǐ,用纸把美丽的花束包好。,Yòng zhǐ bǎ měilì de huāshù bāohǎo.,紙できれいな花束をちゃんと包む。,“把”構文
93,箱子,スーツケース・ふたのついた箱,xiāngzi,那是我的箱子。,Nà shì wǒ de xiāngzi．,あれは私のスーツケースです。,“是”構文
94,钱包,さいふ,qiánbāo,我把钱包丢了。,Wǒ bǎ qiánbāo diū le.,私はお財布をなくした。,“把”構文
95,工资,賃金・給料,gōngzī,工人们绝不会同意削减工资。,Gōngrénmen jué bú huì tóngyì xuējiǎn gōngzī.,労働者たちは決して給与の削減に応じない。,助動詞“会”
96,职员,職員スタッフ,zhíyuán,他是公司职员。,Tā shì gōngsī zhíyuán．,彼は会社員です。,“是”構文
97,电器店,電気店,diànqìdiàn,我们一起去电器店吧。,Wǒ men yìqǐ qù diànqìdiàn ba 。,いっしょに家電屋に行きましょう。,語気助詞の“吧”
98,超市,スーパー,chāoshì,我去超市买东西。,Wǒ qù chāoshì mǎi dōngxi．,私はスーパーに買い物に行く。,連動文
99,便利店,コンビニ,biànlìdiàn,我在便利店打工。,Wǒ zài biànlìdiàn dǎgōng．,私はコンビニでアルバイトをする。,介詞“在”
100,服务员,ホテルやレストランなどの従業員,fúwùyuán,服务员，我点菜。,Fúwùyuán，wǒ diǎncài.,すみません、注文したいんですが。,動詞述語文
101,店员,ショップなどの店員,diànyuán,他是那家商店的店员。,Tā shì nà jiā shāngdiàn de diànyuán．,彼はあの店の店員です。,“是”構文
102,护士,看護師,hùshi,她是护士。,Tā shì hùshi．,彼女は看護師です。,“是”構文
103,警察,警察官・巡査,jǐngchá,警察告诉他到车站怎么走。,Jǐngchá gàosu tā dào chēzhàn zěnme zǒu.,警察官が彼に駅までの行き方を教えてくれた。,二重目的語の文
104,农业,農業,nóngyè,下面我们要讨论的是关于农业问题。,Xiàmian wǒmen yào tǎolùn de shì guānyú nóngyè wèntí.,次に討論するのは農業問題についてです。,“是”構文
105,农民,農民,nóngmín,我父亲是农民。,Wǒ fùqin shì nóngmín.,私の父は農民です。,“是”構文
106,工程师,技師・エンジニア,gōngchéngshī,他父亲打算让他当工程师。,Tā fùqin dǎsuàn ràng tā dāng gōngchéngshī.,彼の父親は彼をエンジニアにするつもりだ。,使役文と兼語文
107,师傅,師匠・親方,shīfu,李师傅把车修好了。,Lǐ shīfu bǎ chē xiūhǎole．,李親方は車を修理してくれた。,“把”構文
108,会议,会議,huìyì,这次的会议我不能参加。,Zhè cì de huìyì wǒ bù néng cānjiā.,今回の会議に私は出席することができません。,助動詞“能”
109,社会,社会,shèhuì,失业造成社会不安定。,Shīyè zàochéng shèhuì bù āndìng.,失業は社会の不安定を招きます。,動詞述語文
110,政府,政府・役所,zhèngfǔ,代表团一行拜访了市政府。,Dàibiǎotuán yìxíng bàifǎngle shìzhèngfǔ．,代表団一行は市役所を表敬訪問した。,完了の“了”
111,银行,銀行,yínháng,银行在邮局的旁边。,Yínháng zài yóujú de pángbiān．,銀行は郵便局のそばです。,存在を表す動詞の“在”
112,博物馆,博物館,bówùguǎn,大学的旁边有一个博物馆。,Dàxué de pángbiān yǒu yí ge bósùguǎn．,大学のそばに博物館がある。,所有を表す動詞の“有”
113,动物园,動物園,dòngwùyuán,我带孩子们去动物园。,Wǒ dài háizimen qù dòngwùyuán．,私は子供を連れて動物園に行く。,連動文
114,报纸,新聞,bàozhǐ,我爸爸看报纸。,Wǒ bàba kàn bàozhǐ．,父は新聞を読む。,動詞述語文
115,新闻,ニュース,xīnwén,有什么新闻吗?,Yǒu shénme xīnwén ma?,何かニュースはありますか？,所有を表す動詞の“有”
116,广告,広告,guǎnggào,这是温泉的广告。,Zhè shì wēnquán de guǎnggào．,これは温泉の広告です。,“是”構文
117,号码儿,番号,hàomǎr,这是我的电话号码儿。,Zhè shì wǒ de diànhuà hàomǎr．,これは私の電話番号です。,“是”構文
118,法国,フランス,Fǎguó,我想去法国。,Wǒ xiǎng qù Fǎguó．,私はフランスに行きたい。,助動詞“想”
119,德国,ドイツ,Déguó,明年我去德国。,Míngnián wǒ qù Déguó．,来年私はドイツに行きます。,動詞述語文
120,英国,イギリス,Yīngguó,现在他在英国。,Xiànzài tā zài Yīngguó．,今彼はイギリスにいます。,存在を表す動詞の“在”
121,美国人,アメリカ人,Měiguórén,他是美国人。,Tā shì Měiguórén．,彼はアメリカ人です。,“是”構文
122,法语,フランス語,Fǎyǔ,我喜欢法语。,Wǒ xǐhuan Fǎyǔ．,私はフランス語が好きです。,動詞述語文
123,英语,英語,yīngyǔ,我学习英语。,Wǒ xuéxí Yīngyǔ．,私は英語の勉強をする。,動詞述語文
124,会话,会話,huìhuà,我学习了简单的会话。,Wǒ xuéxíle jiǎndān de huìhuà．,私は簡単な会話を学んだ。,完了の“了”
125,发音,発音,fāyīn,你的发音很好。,Nǐ de fāyīn hěn hǎo．,あなたの発音はとてもいい。,形容詞述語文
126,文章,文章,wénzhāng,这篇文章内容很丰富。,Zhè piàn wénzhāng nèiróng hěn fēngfù．,この文章は内容が豊富だ。,形容詞述語文
127,意见,意見・文句,yìjiàn,大家都对他有意见。,Dàjiā dōu duì tā yǒu yìjiàn．,みんな彼に文句がある。,介詞“对”
128,消息,情報・知らせ,xiāoxi,这个消息我第一次听到。,Zhège xiāoxi wǒ dì yī cì tīngdào．,このニュースを私は初めて聞いた。,結果補語
129,话,ことば・話,huà,他说话太罗嗦。,Tā shuō huà tài luōsuo.,彼の話はくどい。,形容詞述語文
130,声音,音・声,shēngyīn,打碎玻璃的声音惊醒了他。,Dǎsuì bōli de shēngyīn jīngxǐngle tā.,彼はガラスの割れる音にびっくりして目がさめた。,動詞述語文
131,经济,経済,jīngjì,我对中国经济很感兴趣。,Wǒ duì Zhōngguó jīngjì hěn gǎn xìngqu.,私は中国経済にとても興味がある。,介詞“对”
132,小学,小学校,xiǎoxué,我们在小学是同班同学。,Wǒmen zài xiǎoxué shì tóngbān tóngxué.,私たちは小学校で同じクラスです。,“是”構文
133,中学,中学校,zhōngxué,这个小镇上有两所中学。,Zhège xiǎozhèn shang yǒu liǎng suǒ zhōngxué.,この小さい町には中学校が二つあった。,所有を表す動詞の“有”
134,初中,中学,chūzhōng,我弟弟是初中二年级的学生。,Wǒ dìdi shì chūzhōng èrniánjí de xuésheng．,私の弟は中学二年生です。,“是”構文
135,高中,高校,gāozhōng,我爸爸是高中的老师。,Wǒ bàba shì gāozhōng de lǎoshī．,父は高校の教師です。,“是”構文
136,课,授業,kè,今天你有几节课？,Jīntiān nǐ yǒu jǐ jié kè?,今日あなたは授業がいくつありますか？,所有を表す動詞の“有”と疑問詞疑問文
137,功课,授業,gōngkè,我在家里复习功课。,Wǒ zài jiāli fùxí gōngkè 。,私は家で授業の復習をする。,介詞“在”
138,黑板,黒板,hēibǎn,老师在黑板上写出新单词。,Lǎoshī zài hēibǎn shang xiěchū xīn dāncí.,先生は黒板に新しい単語を書いた。,介詞“在”
139,参考书,参考書,cānkǎoshū,桌子上有一本参考书。,Zhuōzi shang yǒu yì běn cānkǎoshū 。,机の上には参考書が一冊ある。,存在を表す動詞の“有”
140,成绩,成績,chéngjì,你的成绩怎么样?,Nǐ de chéngjì zěnmeyàng?,あなたの成績はどうですか？,疑問詞疑問文
141,作业,宿題,zuòyè,作业我还没写完。,Zuòyè wǒ hái méi xiěwán．,宿題はまだ書き終えていない。,否定の“不”と未然の“没”
142,暑假,夏休み,shǔjià,快要放暑假了。,Kuàiyào fàng shǔjià le．,もうじき夏休みだ。,“快要～了”
143,寒假,冬休み,hánjià,今年寒假你去哪儿?,Jīnnián hánjià nǐ qù nǎr?,今年の冬休みはどこに行きますか？,疑問詞疑問文
144,文化,文化・教養,wénbuà,我没有什么文化。,Wǒ méiyou shénme wénhuà.,私は何の教養もありません。,所有を表す動詞の“有”
145,传统,伝統,chuántǒng,他们尊重日本的传统。,Tāmen zūnzhòng Rìběn de chuántǒng.,彼らは日本の伝統を尊重しています。,動詞述語文
146,艺术,芸術,yìshù,对于现代艺术我一窍不通。,Duìyú xiàndài yìshù wǒ yì qiǎo bù tōng.,現代芸術に関しては私はちんぷんかんぷんです。,介詞“对于”
147,音乐,音楽,yīnyuè,我喜欢听音乐。,Wǒ xǐhuan tīng yīnyuè．,私は音楽を聞くのが好きです。,動詞述語文
148,电影院,映画館,diànyìngyuàn,我不常到电影院看电影。,Wǒ bù cháng dào diànyǐngyuàn kàn diànyǐng.,私は映画館で映画を見ることはあまりありません。,部分否定
149,照片,写真,zhàopiàn,这是我的照片。,Zhè shì wǒ de zhàopiàn．,これは私の写真です。,“是”構文
150,酒店,ホテル,jiǔdiàn,我们在那家酒店前面见面吧。,Wǒmen zài nà jiā jiǔdiàn qiánmiàn jiànmiàn ba.,あのホテルの前で会いましょう。,介詞“在”
151,饭店,ホテル,fàndiàn,车站离饭店比较远。,Chēzhàn lí fàndiàn bǐjiào yuǎn．,駅はホテルから少し遠い。,介詞“离”
152,节日,祝日,jiérì,中国的传统节日多种多样。,Zhōngguó de chuántǒng jiérì duōzhǒng duōyàng.,中国の伝統的な祝日は多種多様です。,形容詞述語文
153,春节,旧正月・春節（しゅんせつ）,Chūnjié,春节快到了。,Chūnjié kuài dào le.,もうじき春節です。,“快要～了”
154,运动,スポーツ,yùndòng,我不太喜欢运动。,Wǒ bú tài xǐhuan yùndòng．,私はスポーツはあまり好きではない。,部分否定
155,足球,サッカー,zúqiú,我去看足球比赛。,Wǒ qù kàn zúqiú bǐsài．,私はサッカーの試合を見に行く。,動詞述語文
156,游泳池,プール,yóuyǒngchí,我在游泳池里游泳。,Wǒ zài yóuyǒngchí li yóuyǒng．,私はプールで泳ぐ。,介詞“在”
157,比赛,試合,bǐsài,棒球比赛的票很贵,Bàngqiú bǐsài de piào hěn guì．,野球の試合のチケットは高い。,形容詞述語文
158,脸,顔・正面・体面,liǎn,她感到脸上红了起来。,Tā gǎndào liǎnshang hóngle qǐlai.,彼女は顔が赤くなるのを感じた。,方向補語
159,头发,髪の毛,tóufa,我妹妹的头发已经垂到了腰部。,Wǒ mèimei de tóufa yǐjing chuídàole yāobù.,妹の髪の毛はもう腰まで伸びた。,完了の“了”
160,健康,健康,jiànkāng,祝你身体健康！,Zhù nǐ shēntǐ jiànkāng ！,ご健康をお祈りします！,
161,医院,病院,yīyuàn,这是医院。,Zhè shì yīyuàn．,これは病院です。,“是”構文
162,药,薬,yào,他吃了药，觉得好一点了。,Tā chīle yào，juéde hǎo yì diǎn le．,彼は薬を飲むと少し良くなったように感じた。,完了の“了”と語気の“了”
163,手术,手術,shǒushù,他动了手术。,Tā dòngle shǒushù．,彼は手術をした。,完了の“了”
164,毛病,故障・欠点・病気,máobing,你应该改正自己的毛病。,Nǐ yīnggāi gǎizhèng zìjǐ de máobing.,あなたは自分の欠点を直すべきです。,助動詞“应该”
165,熊猫,パンダ,xióngmāo,熊猫很可爱。,Xióngmāo hěn k'ěài．,パンダは可愛い。,形容詞述語文
166,狗,犬,gǒu,这条狗是孩子们的宠物。,Zhè tiáo gǒu shì háizimen de chǒngwù.,この犬は子供たちのペットだ。,“是”構文
167,猫,猫,māo,那只猫紧盯着老鼠的动向。,Nà zhī māo jǐndīngzhe lǎoshǔ de dòngxiàng.,あの猫はネズミの動きにじっと目をこらしている。,動詞述語文
168,马,馬,mǎ,马身上挂着铃铛。,Mǎ shēnshang guàzhe língdang.,馬の体には鈴がぶらさがっている。,存現文
169,牛,牛,niú,他们同意永远做牛做马。,Tāmen tóngyì yǒngyuǎn zuò niú zuò mǎ.,彼らはいつまでも献身的に働くことに同意した。,動詞述語文
170,鱼,魚,yú,你吃鱼还是吃肉?,Nǐ chī yú háishi chī ròu?,魚にしますか、それともお肉ですか？,選択疑問文
171,雨,雨,yǔ,下雨了！,Xià yǔ le!,あっ雨だ！,存現文
172,月亮,月・お月様,yuèliang,月亮出来了。,Yuèliang chūlai le.,月がのぼった。,語気の“了”
173,星星,星,xīngxing,今晚月亮和星星十分明亮。,Jīnwǎn yuèliang hé xīngxing shífēn míngliàng.,今夜は月と星がとても美しい。,形容詞述語文
174,河,川,hé,黄河是中国的第二大河流。,Huánghé shì Zhōngguó dì èr dà héliú.,黄河は中国第二の長さを持つ川です。,“是”構文
175,现在,今,xiànzài,现在几点了?,Xiànzài jǐ diǎn le?,今何時？,語気の“了”
176,早晨,朝,zǎochén,明天早晨8点集合。,Míngtiān zǎochén bā diǎn jíhé．,明日朝８時に集合です。,動詞述語文
177,生日,誕生日,shēngrì,我的生日一月一号。,Wǒ de shēngrì yī yuè yī hào．,私の誕生日は１月１日です。,名詞述語文
178,年龄,年齢,niánlíng,我父母年龄大了。,Wǒ fùmǔ niánlíng dà le.,私の両親はかなりの年になりました。,主述述語文
179,将来,将来,jiānglái,我将来想当一个律师。,Wǒ jiānglái xiǎng dāng yí ge lǛshī．,私は将来弁護士になりたい。,助動詞“想”
180,时候,時,shíhou,他学习的时候常常听音乐。,Tā xuéxí de shíhou chángcháng tīng yīnyuè.,彼は勉強する時よく音楽を聞く。,動詞述語文
181,以后,以後,yǐhòu,下课以后，我们一起回家。,Xiàkè yǐhòu,wǒmen yìqǐ huíjiā.,授業が終わったら一緒に帰ろう。,動詞述語文
182,城市,都市,chéngshì,地震摧毁了整个城市。,Dìzhèn cuīhuǐle zhěngge chéngshì.,地震は都市全体を破壊した。,動詞述語文
183,农村,農村,nóngcūn,这些学生都是来自农村。,Zhèxiē xuésheng dōu shì láizì nóngcūn.,これらの学生たちはみな農村出身です。,動詞述語文
184,世界,世界,shìjiè,他是世界闻名的。,Tā shì shìjiè wénmíng de.,彼は世界的に有名です。,もう一つの“是～的”構文
185,路,道,lù,路上辛苦了！,Lùshang xīnkǔ le!,道中お疲れ様でした！,
186,附近,近く,fùjin,我家附近有一家便利店。,Wǒ jiā fùjin yǒu yì jiā biànlìdiàn.,うちの近くにコンビニがある。,存在を表す動詞の“有”
187,地址,住所,dìzhǐ,请告诉我您的地址。,Qǐng gàosu wǒ nín de dìzhǐ.,ご住所を教えてください。,二重目的語の文
188,市,市,shì,全市都洋溢着春天的气息。,Quán shì dōu yángyìzhe chūntiān de qìxī.,市の中すべてに春の息吹が満ち溢れている。,持続の“着”
189,环境,環境,huánjìng,我很快适应了新环境。,Wǒ hěn kuài shìyìngle xīn huánjìng.,私はすぐに新しい環境になじんだ。,動詞述語文
190,特点,特徴・特色,tèdiǎn,我们都有自己的特点。,Wǒmen dōu yǒu zìjǐ de tèdiǎn.,私たちはみな自分の特徴を持っています。,所有を表す動詞の“有”
191,水平,レベル,shuǐpíng,我国的生活水平低于贵国。,Wǒ guó de shēnghuó shuǐpíng dīyú guì guó.,我が国の生活レベルは貴国に及びません。,
192,办法,方法・手段,bànfǎ,我想出了一个好办法。,Wǒ xiǎngchūle yí ge hǎo bànfǎ．,私は良い方法を思いついた。,完了の“了”
193,错误,間違い,cuòwù,这是我这辈子最大的错误。,Zhè shì wǒ zhèbèizi zuì dà de cuòwù.,これは我が人生最大の過ちだ。,“是”構文
194,变化,変化,biànhuà,她的表情一点也没有变化。,Tā de biǎoqíng yì diǎnr yě méiyou biànhuà.,彼の表情は少しも変化しなかった。,
195,改革,改革,gěigé,我们正在多方面进行改革。,Wǒmen zhèng zài duō fāngmiàn jìnxíng gǎigé.,私たちは今多方面で改革をしているところです。,進行形
196,所有,あらゆる,suǒyǒu,他轻视所有的社会习俗。,Tā qīngshì suǒyǒu de shèhuì xísú.,彼はあらゆる社会の習俗を無視する。,動詞述語文
197,机会,機会・チャンス,jīhuì,一定要抓住机会。,Yídìng yào zhuāzhù jīhuì.,必ずチャンスをつかまなくてはならない。,助動詞“要”と結果補語
198,样子,ようす,yàngzi,你太不像样子了!,Nǐ tài bú xiàng yàngzi le!,なんてみっともないの！,語気の“了”
199,问题,①問題　②質問,wèntí,有没有问题？,Yǒu méiyou wèntí?,質問はありませんか？,動詞述語文
200,习惯,習慣・習わし,xíguàn,各国的风俗习惯大不相同。,Gè guó de fēngsú xíguàng dà bù xiāngtóng.,各国の風俗習慣はかなり異なる。,形容詞述語文
201,怎么,①どのように　②どうして,zěnme,怎么办好呢？,Zěnme bàn hǎo ne?,どうしたらいいだろう？,疑問詞疑問文
202,自己,自分,zìjǐ,他签上了自己的名字。,Tā qiānshangle zìjǐ de míngzi.,彼は自分の名前をサインした。,動詞述語文
203,别的,ほかの（もの）・別の（もの）,biéde,她比别的女孩漂亮多。,Tā bǐ biéde nǚhái piàoliang duō.,彼女はほかの女の子たちよりずっときれいだ。,比較文
204,兴趣,興味,xìngqù・xìngqu,我从小就对中国感兴趣。,Wǒ cóng xiǎo jiù duì Zhōngguó gǎn xìngqù．,私は子供の頃から中国に興味がありました。,介詞“对”
205,点儿,少し,diǎnr,多吃一点儿吧。,Duō chī yìdiǎnr ba．,もう少し食べてください。,語気助詞の“吧”
206,杯,～杯（杯、コップなどの器で液体を数える）,bēi,我敬你一杯！,Wǒ jìng nǐ yì bēi.,あなたに敬意を表して一杯！,動詞述語文
207,本,～冊（本や雑誌を数える）,běn,这本书是我的。,Zhè běn shū shì wǒ de.,この本は私のです。,“是”構文
208,遍,～回（動作の初めから終わりまでのすべてを単位として数える）,biàn,请你再说一遍。,Qǐng nǐ zài shuō yí biàn.,もう一度おっしゃってください。,使役文と兼語文
209,次,～回（動作を数える）,cì,我去过中国一次。,Wǒ qùguo Zhōngguó yí cì.,私は中国に一度行ったことがある。,経験の“过”
210,件,～着（上着などを数える）,jiàn,这件衣服很好看。,Zhè jiàn yīfu hěn hǎokàn.,この服はとてもきれいだ。,形容詞述語文
211,辆,～台（車を数える）,liàng,那辆宝马的车主是谁？,Nà liàng Bǎomǎ de chēzhǔ shì shéi?,あのBMWの持ち主は誰？,“是”構文と疑問詞疑問文
212,片,～かけら（薄くて平たく小さいものを数える）,piàn,请给我一片面包。,Qǐng gěi wǒ yí piàn miànbāo.,どうか私にパンを一切れください。,使役文と介詞“给”
213,张,～枚（平たいものを数える）,zhāng,我需要一百张白纸。,Wǒ xūyào yìbǎi zhāng báizhǐ.,私は白い紙が百枚必要です。,動詞述語文
214,封,～通（手紙を数える）,fēng,他给母亲写了一封信。,Tā gěi mǔqin xiěle yì fēng xìn.,彼は母に手紙を一通書いた。,介詞“给”
215,瓶,～本（ビンに入ったものを数える）,píng,他用牙咬开一瓶啤酒。,Tā yòng yá yǎokāi yì píng píjiǔ.,彼は歯でビール瓶のふたを開けた。,連動文
216,双,～対（対になったものを数える）,shuāng,他穿的两只袜子不是一双。,Tā chuān de liǎng zhī wàzi bú shì yì shuāng.,彼のはいているくつしたは一足のものではない。,“是”構文と量詞
217,条,～本（細長いものを数える）,tiáo,他送给她一条纯金的项链。,Tā sònggěi tā yì tiáo chúnjīn de xiàngliàn.,彼は彼女に純金のネックレスをプレゼントした。,二重目的語の文
218,位,～名（敬意を持って人を数える）,wèi,你们几位？,Nǐmen jǐ wèi?,何名様ですか？,疑問詞疑問文
219,只,～（動物・ものを数える）,zhī,院子里飞来了一只蝴蝶。,Yuànzi li fēilaile yì zhī húdié.,中庭に蝶々が一匹飛んできた。,存現文
220,躺,横たわる,tǎng,我正在躺着看电视呢。,Wǒ zhèngzài tǎngzhe kàn diànshì ne．,私はちょうど横になってテレビを見ている。,進行形
221,爬,登る,pá,我也想去爬山。,Wǒ yě xiǎng qù páshān．,私も山登りに行きたい。,副詞“也”と助動詞“想”
222,提,手にさげる,tí,她常常提着书包。,Tā chángcháng tízhe shūbāo．,彼女はいつもカバンをさげている。,持続の“着”
223,拿,（手などで）つかむ・持つ,ná,请把相机拿过来。,Qǐng bǎ xiàngjī náguolai．,どうかカメラを持ってきてください。,“把”構文
224,带,携帯する,dài,别忘了带雨伞。,Bié wàngle dài yǔsǎn．,傘を持ってくるのを忘れないで。,命令
225,接,受け取る・つなぐ・出迎える,jiē,我去车站接弟弟。,Wǒ qù chēzhàn jiē dìdi．,私は駅に弟を迎えに行く。,連動文
226,递,手渡す,dì,请把钥匙递给我。,Qǐng bǎ yàoshi dìgěi wǒ．,どうか鍵を私に渡してください。,“把”構文
227,发,発送する,fā,我不给你发伊妹儿。,Wǒ bù gěi nǐ fā yīmèir．,あなたにEメールは送りません。,介詞“给”
228,找,さがす,zhǎo,我姐姐还没找到工作。,Wǒ jiějie hái méi zhǎodào gōngzuò．,姉はまだ仕事が見つかりません。,否定の“不”と未然の“没”
229,出现,現れる,chūxiàn,八点钟时他终于出现了。,Bā diǎnzhōng shí tā zhōngyú chūxiànle．,８時に彼はやっと現れた。,完了の“了”
230,逛,ぶらつく,guàng,下午她逛商店。,Xiàwǔ tā guàng shāngdiàn．,午後彼女は商店をぶらつく。,動詞述語文
231,包,包む,bāo,你把东西包起来吧。,Nǐ bǎ dōngxi bāoqilai ba．,品物を包んでください。,“把”構文
232,推,押す,tuī,这扇门推不开。,Zhè shàn mén tuībukāi．,このドアは押しても開かない。,可能補語
233,放,置く・放す,fàng,大行李放在这儿。,Dàxíngli fàngzài zhèr．,スーツケースはここに置きます。,結果補語
234,搬,運ぶ・引っ越す,bān,你把桌子搬过来。,Nǐ bǎ zhōzi bānguolai．,椅子を運んできて。,“把”構文
235,送,届ける・贈る・見送る,sóng,老师送我两本书。,Lǎoshī sòng wǒ liǎng běn shū．,先生は私に本を二冊下さった。,二重目的語の文
236,偷,盗む,tōu,钱包被偷走了。,Qiánbāo bèi tōuzǒule 。,財布を盗まれてしまった。,受け身文
237,洗,洗う,xǐ,我天天洗衣服。,Wǒ tiāntiān xǐ yīfu．,私は毎日洗濯をします。,動詞述語文
238,办,手続きする,bàn,先去那儿办订房手续吧。,Xiān qù nàr bàn dìngfáng shǒuxù ba.,まずあそこに行ってチェックインの手続きをしましょう。,連動文と語気助詞の“吧”
239,见,会う,jiàn,好久没见！,Hǎo jiǔ méi jiaàn!,お久しぶりです！,
240,见面,顔を合わせる,jiànmiàn,我明天在公园跟他见面。,Wǒ míngtiān zài gōngyuán gēn tā jiànmiàn.,私は明日公園で彼に会う。,介詞“在”
241,等,待つ,děng,他们都在家等着你。,Tāmen dōu zài jiā děngzhe nǐ．,彼らは皆家であなたを待っている。,介詞“在”
242,祝,祈る,zhù,祝你生日快乐。,Zhù nǐ shēngrì kuàilè 。,お誕生日おめでとう！,
243,欢迎,歓迎する,huānyíng,欢迎再来！,Huānyíng zài lái ！,また来てくださいね。,副詞“再”
244,商量,相談する,shāngliang,这件事我得跟大家商量一下。,Zhè jiàn shì wǒ děi gēn dàjiā shàngliang yí xià.,このことは皆に相談しなければ。,介詞“跟”
245,感谢,感謝する,gǎnxiè,让我代表我们全体感谢你。,Ràng wǒ dàibiǎo wǒmen quántǐ gǎnxiè nǐ.,私は私たち全員を代表して感謝申し上げます。,使役文
246,帮助,助ける,bāngzhù,谢谢你们帮助我。,Xiè xie nǐmen bāngzhù wǒ．,私を助けてくださってありがとう。,動詞述語文
247,帮,助ける,bāng,我帮她做饭。,Wǒ bāng tā zuò fàn．,彼女がご飯を作るのを手伝う。,連動文
248,帮忙,助ける,bāngmáng,请给我帮忙。,Qǐng gěi wǒ bāngmáng．,どうか手助けしてください。,介詞“给”
249,停,停止する,tíng,停车！,Tíng chē！,車を停めて！,命令
250,停车,車を停める,tíngchē,这儿可以停车。,Zhèr kěyǐ tíng chē 。,ここは車を停めても大丈夫です。,助動詞“可以”
251,出国,出国する,chūguó,我们一起出国旅游。,Wǒmen yìqǐ chūguó lǙyóu.,私たちはいっしょに海外旅行に行きます。,連動文
252,午睡,昼寝する,wǔshuì,吃午饭后我常常午睡。,Chī wǔfàn hòu wǒ chángcháng wǔshuì．,お昼を食べた後私はよく昼寝をします。,動詞述語文
253,迟到,遅刻する,chídào,对不起，我迟到了。,Duìbuqǐ，wǒ chídào le．,すみません、遅れました。,動詞述語文
254,放假,休みになる,fàngjià,大学就要放假了。,Dàxué jiù yào fàngjià le 。,大学はもうすぐ休みだ。,“快要～了”
255,住,住む・泊まる,zhù,我们住在宿舍。,Wǒmen zhùzài sùshè．,私たちは寮に住んでいます。,結果補語
256,洗澡,入浴する,xǐzǎo,我不喜欢洗澡。,Wǒ bù xǐhuān xǐzǎo 。,私はお風呂が好きではない。,動詞述語文
257,打扫,掃除をする,dǎsǎo,他不喜欢打扫卫生。,Tā bù xǐhuan dǎsǎo wèishēng．,彼はそうじが好きではない。,動詞述語文
258,坏,壊れる,huài,我的电脑坏了。,Wǒ de diànnǎo huài le 。,私のパソコンは壊れた。,語気の“了”
259,收拾,片づける,shōushi,我把房间收拾一下。,Wǒ bǎ fángjiān shōushi yíxià 。,私は部屋をちょっと片づける。,“把”構文
260,用,使う,yòng,我用铅笔写字。,Wǒ yòng qiānbǐ xiě zì．,私は鉛筆で字を書く。,連動文
261,使用,用いる,shǐyòng,我们绝不首先使用核武器。,Wǒmen jué bù shǒuxiān shǐyòng héwǔqì．,私たちは先に核兵器を使用することは絶対にない。,否定の“不”と未然の“没”
262,开始,始める,kāishǐ,战斗是凌晨开始的。,Zhàndòu shì língchén kāishǐ de.,戦闘は明け方始まったのです。,“是～的”構文
263,完,終わる,wán,如果这话传出去，我就完了。,Rúguǒ zhè huà chuánchuqu,wǒ jiù wán le.,もしこの話が漏れたら僕は終わりだ。,関連詞と方向補語
264,回信,返信する,huíxìn,不必回信。,Búbì huíxìn.,返信は要りません。,
265,寄,郵送する,jì,我想给我奶奶寄信。,Wǒ xiǎng gěi wǒ nǎinai jì xìn.,おばあちゃんに手紙を出したい。,助動詞“想”と介詞“给”
266,借,①借りる　②貸す,jiè,请把这本书借给我。,Qǐng bǎ zhè běn shū jiègěi wǒ.,どうかこの本を貸してください。,“把”構文
267,听说,～だそうだ,tīngshūo,听说他对父母很孝顺。,Tīngshuō tā duì fùmǔ hěn xiàoshùn.,彼はとても親孝行だそうです。,介詞“对”
268,休息,休息する,xiūxi,你休息一会儿。,Nǐ xiūxi yìhuìr.,一休みしなさい。,“一会儿”
269,讨论,討論する,tǎolùn,我们该讨论费用问题了。,Wǒmen gāi tǎolùn fèiyòng wèntí le.,私たちは費用の問題を討論すべきだ。,助動詞“应该”
270,团结,団結する・仲がよい,tuánjié,我们必须加强团结。,Wǒmen bìxū jiāqiáng tuánjié．,私たちは団結を強めなければならない。,動詞述語文
271,实现,実現する,shíxiàn,终于实现了他的梦想。,Zhōngyú shíxiànle tā de mèngxiǎng．,とうとう彼の夢を実現した。,完了の“了”
272,改变,変わる・変える,gǎibiàn,情况不会改变。,Qíngkuàng bú huì gǎibiàn.,状況は変化しそうもない。,助動詞“会”
273,出差,出張する,chūchāi,公司叫我出差。,Gōngsī jiào wǒ chūchāi．,会社から出張を命じられる。,使役文と兼語文
274,打工,バイトする,dǎgōng,你也打工吗?,Nǐ yě dǎgōng ma?,あなたもバイトをしますか？,副詞“也”
275,挣,稼ぐ・必死になる,zhèng,我准备打工挣钱。,Wǒ zhǔnbèi dǎgōng zhèng qián.,私はバイトしてお金を稼ぐつもりだ。,連動文
276,出口,輸出する,chūkǒu,进出口贸易差额很大。,Jìn chūkǒu màoyì chāé hěn dà.,輸出入の貿易差額がとても大きい。,形容詞述語文
277,下课,授業が終わる,xiàkè,他们的学校八点上课，十一点半下课。,Tāmen dexuéxiào bādiǎn shàngkè，shíyīdiǎn bàn xiàkè.,彼らの学校は８時に授業が始まり、１１時半に授業が終わります。,動詞述語文
278,练习,練習する,liànxí,我练习发音。,Wǒ liànxí fāyīn．,私は発音の練習をする。,動詞述語文
279,考,試験をする・試験を受ける,kǎo,你考得怎么样?,Nǐ kǎode zěnmeyàng?,試験はどうでしたか？,疑問詞疑問文
280,记,①覚える　②記す,jì,你要记住他的名字。,Nǐ yào jìzhù tā de míngzi.,彼の名前を覚えておきなさい。,助動詞“要”
281,听写,書き取りをする,tīngxiě,老师让学生听写。,Lǎoshī ràng xuésheng tīngxiě.,先生は生徒に書き取りをやらせる。,使役文と兼語文
282,背,暗記する,bèi,我要背课文。,Wǒ yào bèi kèwén．,私はテキストの文章を暗記しなければなりません。,助動詞“要”
283,说明,説明する,shuōmíng,看看说明书上是怎样说的？,Kàn kan shuōmíngshū shang shì zěnyàng shuō de?,説明書にどう書いてあるのか見てごらん。,動詞の重ね型
284,进步,進歩する,jìnbù,你们汉语进步很快。,Nǐmen Hànyǔ jìnbù hěn kuài.,皆さんの中国語は進歩が速い。,主述述語文
285,画,描く,huà,我们一起画画儿吧。,Wǒmen yìqǐ huà huàr ba 。,一緒に絵を描きましょう。,動詞の重ね型
286,翻译,翻訳する・通訳する,fānyì,请把这篇文章翻译成汉语。,Qǐng bǎ zhè piān wénzhāng fānyìchéng Hànyǔ．,どうかこの文章を中国語に訳してください。,“把”構文
287,跳舞,ダンスをする,tiàowǔ,他陪同她去跳舞。,Tā péitóng tā qù tiàowǔ.,彼は彼女を伴ってダンスに行った。,連動文
288,旅游,旅行する,lǙyóu,我去北京旅游。,Wǒqù Běijīng lǙyóu．,私は北京に旅行に行く。,連動文
289,抽烟,タバコを吸う,chōuyān,这里不能抽烟。,Zhèli bù néng chōuyān.,ここは禁煙です。,助動詞“能”
290,跳,跳ぶ・踊る,tiào,我高兴得跳了起来。,Wǒ gāoxìngde tiàoleqilai．,私はうれしくて飛び上がった。,様態補語
291,散步,散歩する,sànbù,咱们散散步吧。,Zánmen sàn sanbù ba 。,散歩しましょう。,動詞の重ね型
292,滑雪,スキーをする,huáxuě,我喜欢滑雪。,Wǒ xǐhuan huáxuě．,私はスキーが好きだ。,動詞述語文
293,锻炼,鍛える,duànliàn,你要锻炼身体。,Nǐ yào duànliàn shēntǐ．,あなたは体を鍛えなくてはいけない。,助動詞“要”
294,感冒,風邪をひく,gǎnmào,我感冒了。,Wǒ gǎnmào le．,風邪をひいた。,完了の“了”
295,发烧,熱が出る,fāshāo,你发烧了吗?,Nǐ fāshāole ma?,熱はありますか？,完了の“了”
296,打针,注射する,dǎzhēn,打打针就好了。,Dǎ dǎzhēn jiù hǎo le．,注射すればすぐ良くなります。,副詞“就”
297,知道,知っている,zhīdào,谁知道我的手机在哪儿?,Shéi zhīdào wǒ de shǒujī zài nǎr?,私のケータイがどこにあるか誰か知ってますか？,疑問詞疑問文
298,认识,見知っている,rènshi,我认识她。,Wǒ rènshi tā 。,私は彼女を知っています。,動詞述語文
299,以为,～と思い込む・～と思う,yǐwéi,过去人们以为地球是扁的。,Guòqù rénmen yǐwéi dìqiú shì biǎn de.,昔人々は地球は平べったいと思っていた。,動詞述語文
300,觉得,感じる・～と思う,juéde,你觉得这两种办法怎么样？,Nǐ juéde zhè liǎng zhǒng bànfǎ zěnmeyàng?,あなたはこの２つの方法をどう思いますか？,疑問詞疑問文
301,发现,気づく・発見する,fāxiàn,哥伦布发现美洲新大陆。,Gēlúnbù fāxiàn Měizhōu xīn dàlù.,コロンブスはアメリカ大陸を発見した。,動詞述語文
302,希望,希望する,xīwàng,我希望你锻炼身体。,Wǒ xǐhuan nǐduànliàn shēntǐ．,あなたが体を鍛えることを願っています。,動詞述語文
303,打算,～するつもりだ,dǎsuàn,明年我打算去中国留学。,Míngnián wǒ dǎsuàn qù Zhōngguó liúxué．,来年私は中国に留学するつもりだ。,連動文
304,哭,泣く,kū,你哭什么?,Nǐ kū shénme?,何を泣いているの？,疑問詞疑問文
305,爱,愛する・～することを好む・～しがちだ,ài,她跟生人说话爱红脸。,Tā gēn shēngrén shuō huà ài hóngliǎn.,彼女は知らない人と話すといつも顔が赤くなる。,介詞“跟”
306,努力,努力する,nǔlì,我们努力学习。,Wǒmen nǔlì xuéxí．,私たちは一生懸命勉強をする。,動詞述語文
307,放心,安心する,fàngxīn,放心吧，没问题。,Fàngxīn ba，méi wèntí.,心配しないで、大丈夫だから。,語気助詞の“吧”
308,感动,感動する・感動させる,gǎndòng,我被那里的风景深深感动了。,Wǒ bèi nàli de fēngjǐng shēnshēn gǎndòngle 。,私はあそこの景色にとても感動しました。,受け身文
309,失望,失望する・がっかりする,shīwàng,我绝不会让你失望的。,Wǒ jué bú huì ràng nǐ shīwàng de．,決して私があなたをがっかりさせることはありません。,助動詞“会”と使役文
310,生气,怒る,shēngqì,他们很生气。,Tāmen hěn shēngqì.,彼らは腹を立てた。,形容詞述語文
311,需要,必要としている,xūyào,我需要你的同意。,Wǒ xūyào nǐ de tóngyì．,私はあなたの同意が必要です。,動詞述語文
312,小心,気をつける,xiǎoxīn,路上小心！,Lùshang xiǎoxīn ！,歩く時気をつけるのよ。,命令
313,注意,注意する,zhùyì,你应该多注意自己的身体。,Nǐ yīnggāi duō zhùyì zìjǐ de shēntǐ.,身体にはよくよく気をつけるのよ。,助動詞“应该”
314,当,～になる,dāng,将来我想当一名科学家。,Jiānglái wǒ xiǎng dāng yì míng kēxuéjiā.,将来私は科学者になりたい。,助動詞“想”
315,好像,まるで～のようだ,hǎoxiàng,我好像在哪儿见过他似的。,Wǒ hǎoxiàng zài nǎr jiànguo tā shìde.,私はどこかで彼に会った気がする。,介詞“在”
316,应该,～でなければならない,yīnggāi,你应该吃营养均衡的食物。,Nǐ yīnggāi chī yíngyǎng jūnhéng de shíwù.,あなたは栄養のバランスが取れた食べ物を食べるべきだ。,助動詞“应该”
317,会,①～できる②～のはずだ,huì,我女儿会开车。,Wǒ nǙér huì kāichē.,うちの娘は車の運転ができる。,助動詞“会”
318,敢,思い切って～する,gǎn,她不敢对他提出要求。,Tā bù gǎn duì tā tíchū yāoqiú．,彼女は彼に要求する勇気がない。,介詞“对”
319,淘气,やんちゃな,táoqì,他很淘气。,Tā hěn táoqì．,彼はとてもやんちゃです。,形容詞述語文
320,勇敢,勇敢な,yǒnggǎn,她很勇敢。,Tā hěn yǒnggǎn．,彼女はとても勇敢です。,形容詞述語文
321,活泼,元気な,huópo,他是一个很活泼的人。,Tā shi yíge hěn huópo de rén．,彼はとても元気な人です。,“是”構文
322,开朗,快活な,kāilǎng,他性格很开朗。,Tā xìnggé hěn kāilǎng．,彼は明るい性格です。,形容詞述語文
323,善良,善良だ,shànliáng,她心地善良，为人诚恳而坦率。,Tā xīndì shànliáng，wéirén chéngkěn ér tǎnshuài．,彼女は心映えが善良で、人となりが誠実で率直だ。,形容詞述語文
324,舒服,気持ちが良い,shūfu,身体不舒服。,Shēntǐ bù shūfu．,身体の調子が悪い。,形容詞述語文
325,愉快,愉快だ,yúkuài,今天很愉快。,Jīntiān hěn yúkuài．,今日は愉快だ。,形容詞述語文
326,有意思,面白い,yǒuyìsi,这本书很有意思。,Zhè běn shū hěn yǒuyìsi．,この本はとても面白い。,形容詞述語文
327,开心,楽しい,kāixīn,我开心极了。,Wǒ kāixīnjíle．,私は本当に楽しかった。,程度補語
328,容易,易しい,róngyì,学好日语不那么容易。,Xuéhǎo Rìyǔ bú nàme róngyì．,日本語をマスターするのは簡単ではない。,部分否定
329,远,遠い,yuǎn,我家离车站很远。,Wǒ jiā lí chēzhàn hěn yuǎn ．,私の家は駅から遠い。,介詞“离”
330,重,重い,zhòng,这个箱子很重。,Zhège xiāngzi hěn zhòng．,このスーツケースはとても重い。,形容詞述語文
331,轻,軽い,qīng,这个不太重，很轻。,Zhège bú tài zhòng，hěn qīng．,これはあまり重くない、軽いです。,形容詞述語文
332,简单,単純だ・簡単だ,jiǎndān,事情没有那么简单。,Shìqing méiyou nàme jiǎndān.,事はそんなに簡単ではない。,形容詞述語文
333,安静,静かだ・静かにする,ānjìng,教室里安安静静的。,Jiàoshì li ānānjìngjìng de 。,教室の中は静かだ。,形容詞の重ね型
334,热闹,にぎやかだ,rènao,这儿真热闹！,Zhèr zhēn rènao！,ここは本当ににぎやかだ。,形容詞述語文
335,香,良いにおいがする・味が良い・ぐっすり寝る,xiāng,这朵玫瑰花很香。,Zhè duǒ méiguihuā hěn xiāng.,このバラはいい匂いだ。,形容詞述語文
336,丰富,豊かである・豊かにする,fēngfù,他的业余生活很丰富。,Tā de yèyú shēnghuó hěn fēngfù.,彼の余暇の過ごし方は充実している。,形容詞述語文
337,甜,甘い,tián,我喜欢甜的东西。,Wǒ xǐhuan tián de dōngxi．,私は甘いものが好きです。,動詞述語文
338,酸,酸っぱい,suān,酸辣汤有点儿酸。,Suānlàtāng yǒudiǎn suān．,サンラータンは少し酸っぱい。,形容詞述語文と“有点儿”
339,好喝,美味しい（飲み物が）,hǎohē,绍兴酒很好喝。,Shàoxīngjiǔ hěn hǎohē．,紹興酒は美味しい。,形容詞述語文
340,红,赤い,hòng,请给我一件红色的。,Qǐng gěi wǒ yí jiàn hóngsè de．,私に赤いのを一着ください。,二重目的語の文
341,困,眠い,kùn,我困了。,Wǒ kùnle．,私は眠くなった。,語気の“了”
342,恶心,吐き気がする,ěxīn,我有点恶心。,Wǒ yǒudiǎn ěxīn．,少し吐き気がする。,形容詞述語文
343,疼,痛い,téng,我的腿有时疼有时不疼。,Wǒ de tuǐ yǒushí téng yǒushí bù téng.,私の足は痛い時と痛くない時がある。,形容詞述語文
344,瘦,痩せている,shòu,你很瘦。,Nǐ hěn shòu．,あなたはとてもやせている。,形容詞述語文
345,胖,太っている,pàng,我比你胖。,Wǒ bǐ nǐ pàng．,私はあなたより太っている。,比較文
346,矮,背が低い,ǎi,我比你矮一点儿。,Wǒ bǐ nǐ ǎi yìdiǎnr．,私はあなたより少し背が低い。,比較文
347,顺利,順調だ,shùnlì,工作很顺利。,Gōngzuò hěn shùnlì．,仕事が順調だ。,形容詞述語文
348,安全,安全だ,ānquán,把工厂建在这里安全吗？,Bǎ gōngchǎng jiànzài zhèli ānquán ma?,工場をここに建てて安全ですか？,“把”構文
349,方便,便利な・都合がよい・金銭の余裕がある,fāngbiàn,新的品种方便人们的生活。,Xīn de pǐnzhǒng fāngbiàn rénmen de shēnghuó.,新しい品種は人々の暮らしを便利にする。,動詞述語文
350,有名,有名だ,yǒumíng,她是有名的作家。,Tā shì yǒumíng de zuòjiā．,彼女は有名な作家です。,“是”構文
351,忙,忙しい,máng,最近忙吗?,Zuìjìn máng ma?,最近忙しいですか？,形容詞述語文
352,严格,厳しい,yángé,他是一位很严格的老师。,Tā shì yí wèi hěn yángé de lǎoshī．,彼はとても厳しい先生です。,“是”構文
353,好听,（音色が）いい,hǎotīng,这首歌很好听。,Zhè shǒu gē hěn hǎotīng．,この歌はとてもきれいだ。,形容詞述語文
354,清楚,はっきりしている,qīngchu,他的发音很清楚。,Tā de fāyīn hěn qīngchu．,彼の発音ははっきりしている。,形容詞述語文
355,麻烦,やっかい,máfan,这次给你添麻烦了。,Zhècì gěi nǐ tiān máfan le 。,このたびはご迷惑をおかけしました。,介詞“给”
356,危险,危険だ,wēixiǎn,你别去那么危险的地方。,Nǐ bié qù nàme wēixiǎn de dìfang.,あんな危ない所には行かないでください。,禁止
357,暗,暗い・こっそりと,àn,这是一个又冷又暗的夜晚。,Zhè shì yí ge yòu lěng yòu àn de yèwǎn.,それは寒くて暗い夜のことだった。,“是”構文
358,一样,同じだ,yíyàng,我跟她一样大。,Wǒ gēn tā yíyàng dà．,私は彼女と同い年です。,介詞“跟”
359,聪明,聡明だ・賢い,cōngming,他是一个很聪明的孩子。,Tā shì yí ge hěn cōngming de háizi.,彼はとても頭のいい子です。,“是”構文
360,低,低い,dī,她压低了声音，悄悄地说话。,Tā yādīle shēngyīn,qiāoqiāo de shuō huà.,彼女は声をひそめ、ひそひそ話した。,完了の“了”
361,小,小さい・年下,xiǎo,我比他小两岁。,Wǒ bǐ tā xiǎo liǎng suì.,私は彼より２歳下だ。,比較文
362,白,白い,bái,人们在葬礼时一般穿白色的衣服。,Rénmen zài zānglǐ shí yìbān chuān báisè de yīfu.,人々は葬儀の時一般に白い服を着る。,介詞“在”
363,黑,黒い,hēi,外面天这么黑，怕是要下雨了吧？,Wàimian tiān zhème hēi,pà shì yào xià yǔ le ba?,外はこんなに暗いから雨が降ってくるんじゃない？,“快要～了”
364,黄,黄色い,huáng,黄色和淡紫色挺配的。,Huángse hé dànzǐsè tǐng pèi de.,黄色と薄紫色はとても合う。,形容詞述語文
365,紧张,①緊張している　②忙しい,jǐnzhāng,你别紧张，轻松点儿！,Nǐ bié jǐnzhāng,qīngsōng diǎnr!,緊張しないで、リラックスしていこう！,禁止と“一点儿”
366,可能,～かもしれない,kěnéng,这种药可能有副作用。,Zhè zhǒng yào kěnéng yǒu fùzuòyòng.,このタイプの薬は副作用があるかもしれない。,所有を表す動詞の“有”
367,晚,遅い,wǎn,怎么这么晚才回来？,Zěnme zhème wǎn cái huílai?,帰りがなんでこんなに遅いの？,副詞“才”
368,又,また・その上,yòu,今天又下雨了。,Jīntiān yòu xià yǔ le.,今日また雨だ。,存現文と副詞“又”
369,已经,すでに,yǐjing,天已经黑了。,Tiān yǐjing hēi le．,空がもう暗くなった。,形容詞述語文
370,一直,ずっと,yìzhí,一直走五分钟就有银行。,Yìzhí zǒu wǔ fēn zhōng jiù yǒu yínháng 。,まっすぐ５分行くと銀行があります。,副詞“就”
371,常,いつも,cháng,星期天你常去哪儿?,Xīngqītiān nǐ cháng qù nǎr?,日曜日よくどこに行きますか？,疑問詞疑問文
372,常常,いつも,chángcháng,晚上我常常看电视。,Wǎnshang wǒ chángcháng kàn diànshì．,夜私はいつもテレビを見ます。,動詞述語文
373,经常,いつも,jīngcháng,我妈妈经常打扫卫生。,Wǒ māma jīngcháng dǎsǎo wèishēng.,母はよく掃除をします。,動詞述語文
374,一起,いっしょに,yìqǐ,我们一起学习。,Wǒmen yìqǐ xuéxí．,私たちはいっしょに勉強をする。,動詞述語文
375,一共,全部で,yígòng,一共多少钱?,Yígòng duōshao qián?,全部でいくらですか？,疑問詞疑問文
376,一齐,一斉に,yìqí,他们要把我们一齐杀死。,Tāmen yào bǎ wǒmen yìqí shāsǐ.,彼らは私たちを皆殺しにしようとした。,“把”構文
377,渐渐,だんだん・次第に,jiànjiàn,他渐渐胖起来了。,Tā jiànjiàn pàngqilaile．,彼はだんだん太ってきた。,方向補語
378,慢慢儿,ゆっくりと,mànmānr,在这儿可以慢慢儿地看书。,Zài zhèr kěyǐ mànmānrde kàn shū 。,ここでゆっくり本が読める。,助動詞“可以”
379,好好儿,ちゃんと,hǎohāor,你应该好好儿学习。,Nǐ yīnggāi hǎohāor xuéxí 。,ちゃんと勉強すべきです。,助動詞“应该”
380,赶快,急いで,gǎnkuài,我们赶快去吧！,Wǒmen gǎnkuài qù ba!,急いで行きましょう！,語気助詞の“吧”
381,刚,～したばかり,gāng,我刚收到他的信。,Wǒ gāng shōudào tā de xìn.,私は彼からの手紙を受け取ったばかりだ。,結果補語
382,别,～してはいけない,bié,你千万别等我。,Nǐ qiānwàn bié děng wǒ.,くれぐれも私のことを待たないようにね。,禁止
383,不要,～してはいけない,búyào,今天能做的，不要拖到明天。,Jīntiān néng zuò de,búyào tuōdào míngtiān.,今日できることを明日に延ばしてはならない。,禁止と助動詞“能”
384,不用,～する必要はない,búyòng,你不用担心。,Nǐ búyòng dānxīn.,心配はいりませんよ。,
385,有时候,時には～することがある,yǒushíhou,我有时候感到寂寞。,Wǒ yǒushíhou gǎndào jìmò.,私は時々寂しさを感じる。,動詞述語文
386,互相,お互いに,hùxiāng,我们应该互相帮助。,Wǒmen yīnggāi hùxiāng bāngzhù.,私たちは互いに助け合うべきだ。,助動詞“应该”
387,几乎,ほとんど,jīhū,北京的名胜古迹我几乎都去了。,Běijīng de míng shèng gǔ jì wǒ jīhū dōu qùle．,北京の名所旧跡は私はほとんど行った。,動詞述語文
388,先,先に,xiān,先吃了再说。,Xiān chīle zài shuō.,まず食べてからにしよう。,完了の“了”
389,大概,おおよそ,dàgài,大概上午八点左右。,Dàgài shàngwǔ bā diǎn zuǒyòu．,たぶん午前８時ごろです。,
390,真,本当に,zhēn,你真漂亮！,Nǐ zhēn piàoliang!,あなたは本当に美しい！,形容詞述語文
391,特別,特に・非常に,tèbié,这是我特别幸运的一年。,Zhè shì wǒ tèbié xìngyùn de yì nián.,私にとってとりわけ幸運な年でした。,“是”構文
392,十分,とても,shífēn,承蒙热情招待，十分感激。,Chéngméng rèqíng zhāodài,shífēn gǎnjī.,心からのおもてなしを受け、とても感謝しております。,受け身文
393,只,～だけ,zhǐ,不要紧，只是流了一点血。,Búyàojǐn,zhǐ shì liúle yì diǎn xiě.,大丈夫、ちょっと血が出ただけ。,完了の“了”
394,一定,きっと,yídìng,你的生意一定会成功。,NǏ de shēngyi yídìng huì chénggōng.,あなたのビジネスはきっと成功します。,助動詞“会”
395,有点儿,少し,yǒudiǎnr,你对我的态度有点儿冷淡。,Nǐ duì wǒ de tàidù yǒudiǎnr lěngdàn.,あなたの私に対する態度は少し冷たいわよね。,介詞“对”\\\\
396,离,から・まで,lí,离放假还有一个月。,Lí fàngjià hái yǒu yí ge yuè.,休みまであと一か月です。,介詞“离”
397,替,代わりに・ために,tì,这辆车我替弟弟买的。,Zhè liàng chē wǒ tì dìdi mǎi de．,この車は弟に買ってやったものです。,
398,把,～を（…する）,bǎ,把 课本 放在 书包 里！,Bǎ kèběn fàngzài shūbāo li!,テキストをカバンの中に入れてください。,“把”構文
399,只要,～でさえあれば,zhǐyào,只要努力学习就能学好。,Zhǐyào nǔlì xuéxí jiù néng xuéhǎo 。,努力して学びさえすればマスターできる。,疑問詞の呼応表現
400,只有,～するほかない,zhǐyǒu,只有努力学习才能学好。,Zhǐ ǒu nǔlì xuéxí cái néng xuéhǎo 。,マスターするには努力して学ぶしかない。,疑問詞の呼応表現
1,老公,夫（口語表現）,lǎogōng,我老公性格内向，不爱说话。,Wǒ lǎogōng xìnggé nèixiàng，bú ài shuō　huà．,うちのだんなはシャイな性格で無口です。,動詞述語文と形容詞述語文
2,太太,奥さん・妻（口語表現）,tàitai,听说您太太很漂亮。,Tīngshuō nín tàitai hěn piàoliang．,奥様は大変な美人だそうで。,形容詞述語文
3,老婆,女房・妻（口語表現）,lǎopo,我老婆花钱没有计划。,Wǒ lǎopo huā qián méiyou jìhuà．,うちの女房は金の使い方に計画性がない。,所有を表す動詞の“有”
4,叔叔,おじさん,shūshu,警察叔叔!,Jǐngchá shūshu!,お巡りさん、こんにちは！,
5,阿姨,おばさん,āyí,阿姨，你好！,Āyí，nǐ hǎo!,おばちゃん、こんにちは！,
6,亲戚,親戚,qīnqi,我的亲戚很多。,Wǒ de qīnqi hěn duō．,私の親戚はとても多い。,形容詞述語文
7,成年人,大人・成人,chéngniánrén,在中国18岁是成年人。,Zài Zhōngguó shíbā suì shì chéngniánrén．,中国では１８歳は大人です。,“是”構文
8,老大爷,シニア世代の男性（おじいさん）,lǎodàye,老大爷，这是您的吗?,Lǎodàye，zhè shì nín de ma?,これは、おじいさんのものですか？,“是”構文
9,老太太,シニア世代の女性（おばあさん）,lǎotàitai,一个小山村里住着一个老太太。,Yí ge xiǎo shāncūn li zhùzhe yí ge lǎotàitai．,小さな山村にひとりのおばあさんが住んでいた。,存現文
10,小伙子,若い男性・若者・青年,xiǎohuǒzi,小伙子，过来。,Xiǎohuǒzi，guòlái。,ちょっとお兄さん、ここに来て。,命令
11,姑娘,若い女性・娘さん・お嬢さん,gūniang,那个商店的老板是一个年轻的姑娘。,Nàge shāngdiàn de lǎobǎn shì yí ge niánqīng de gūniang．,あの店のオーナーは若い娘さんだ。,“是”構文
12,称呼,呼び名,chēnghu,我怎么称呼您?,Wǒ zěnme chēnghu nín?,どうお呼びしたらいいですか？,疑問詞疑問文
13,先生,～さん（男性に対する敬称）,xiānsheng,那位是田中先生。,Nà wèi shì Tiānzhōng xiānsheng．,あの方が田中さんです。,“是”構文
14,小姐,～さん（若い女性に対する敬称）,xiǎojie,这位是山本小姐。,Zhè wèi shì Shānběn xiǎojie．,こちらが山本さんです。,“是”構文
15,友谊,友情,yǒuyì,为咱们的友谊干杯！,Wèi zánmen de yǒuyì gānbēi ！,私たちの友情に乾杯！,介詞“为”
16,恋爱,恋愛,liàn\'ài,我谈恋爱谈了四年了。,Wǒ tán liàn\'ài tánle sì nián le．,恋愛して４年になる。,数量表現
17,约会,デート・会う約束,yuēhuì,今天晚上我还有个重要约会。,Jīntiān wǎnshang wǒ hái yǒu ge zhòngyào yuēhuì.,今晩私は出かけなきゃならない重要な約束がまだ一つあるんです。,所有を表す動詞の“有”
18,邻居,隣り近所（の人）,línjū,邻居们让我写春联。,Línjūmen ràng wǒ xiě chūnlián.,近所の人たちは私に春聯を書かせる。,使役文と兼語文
19,个人,個人・自分,gèrén,这是我的个人想法。,Zhè shì wǒ de gèrén xiǎngfǎ．,これは私の個人的な見解です。,“是”構文
20,对方,相手,duìfāng,她结婚的对方是个医生。,Tā jiéhūn de duìfāng shì ge yīshēng．,彼女の結婚相手はお医者さんです。,“是”構文
21,秘密,秘密,mìmì,这是我的秘密。,Zhè shì wǒ de mìmì．,これは私の秘密です。,“是”構文
22,方便面,カップ麺,fāngbiànmiàn,我买一盒方便面。,Wǒ mǎi yì hé fāngbiànmiàn．,私はカップめんを一つ買う。,動詞述語文と量詞
23,咖喱饭,カレーライス,gālífàn,中午我吃咖喱饭。,Zhōngwǔ wǒ chī gālífàn．,お昼に私はカレーライスを食べます。,動詞述語文
24,饭团,おにぎり,fàntuán,我吃饭团。,Wǒ chī fàntuán．,私はおにぎりを食べます。,動詞述語文
25,盒饭,お弁当,héfàn,我带着盒饭去。,Wǒ dàizhe héfàn qù．,私はお弁当を持っていきます。,進行形
26,小吃,軽食・おやつ,xiǎochī,我在中国吃到了各种小吃。,Wǒ zài Zhōngguó chīdàole gè zhǒng xiǎochī.,私は中国でいろいろなスナックを食べた。,介詞“在”
27,意大利面,パスタ,Yìdàlìmiàn,我会做意大利面。,Wǒ huì zuò Yìdàlìmiàn．,私はパスタが作れる。,助動詞“会”
28,汉堡包,ハンバーガー,hànbǎobāo,我喜欢吃麦当劳的汉堡包。,Wǒ xǐhuan chī Màidāngláo de hànbǎobāo．,私はマクドナルドのハンバーガーが好きです。,動詞述語文
29,三明治,サンドイッチ,sānmíngzhì,中午我吃三明治。,Zhōngwǔ wǒ chī sānmíngzhì．,お昼に私はサンドイッチを食べる。,動詞述語文
30,比萨饼,ピザ,bǐsàbǐng,这个比萨饼很好吃。,Zhège bǐsàbǐng hěn hǎochī．,このピザはとてもおいしい。,形容詞述語文
31,快餐,ファーストフード,kuàicān,那里有很多快餐店。,Nàli yǒu hěn duō biànlìdiàn．,あそこにはファーストフード店がたくさんある。,存在を表す動詞の“有”
32,北京烤鸭,北京ダック,Běijīng kǎoyā,我吃过一次北京烤鸭。,Wǒ chīguo yícì Běijīng kǎoyā．,私は一度北京ダックを食べたことがあります。,経験の“过”
33,小龙包子,ショウロンポー,xiǎolóngbāozi,你吃过小龙包子吗?,Nǐ chīguo xiǎolóng bāozi ma ?,ショーロンポーを食べたことありますか？,経験の“过”
34,水饺,水餃子,shuǐjiǎo,我喜欢吃那家饭馆的水饺。,Wǒ xǐhuan chī nà jiā fànguǎn de shuǐjiǎo 。,私はあのレストランの水餃子が好きです。,動詞述語文
35,锅贴儿,焼きギョーザ,guōtiēr,水饺比锅贴儿好吃点儿。,Shuǐjiaǒ bǐ guōtiēr haǒchī diǎnr.,水ギョーザは焼きギョーザよりおいしい。,比較文
36,拉面,ラーメン,lāmiàn,我爱吃拉面。,Wǒ ài chī lāmiàn．,私はラーメンが好きだ。,動詞述語文
37,酱汤,味噌汁,jiàngtāng,我喝酱汤。,Wǒ hē jiàngtāng 。,私はお味噌汁を飲みます。,動詞述語文
38,麦当劳,マクドナルド,Màidāngláo,他拉着我的手喊着要去麦当劳。,Tā lāzhe wǒ de shǒu hǎnzhe yào qù Màidāngláo.,彼は私の手を引っ張ってマックに行こうと叫ぶ。,持続の“着”
39,星巴克,スターバックス,Xīngbākè,我们去星巴克喝咖啡。,Wǒmen qù Xīngbākè hē kāfēi。,スタバでコーヒーを飲みましょう。,連動文
40,冰咖啡,アイスコーヒー,bīngkāfēi,我要冰咖啡。,Wǒ yào bīngkāfēi．,私はアイスコーヒーがほしい。,動詞述語文
41,矿泉水,ミネラルウォーター,kuàngquánshuǐ,我买一瓶矿泉水。,Wǒ mǎi yì píng kuàngquánshuǐ．,私はミネラルウォーターを１本買う。,動詞述語文と量詞
42,开水,お湯・熱湯,kāishuǐ,中国人不喝生水，喝开水。,Zhōngguórén bù hē shēngshuǐ，hē kāishuǐ．,中国人は生水は飲まずお湯を飲む。,否定の“不”と未然の“没”
43,乌龙茶,ウーロン茶,wūlóngchá,有乌龙茶吗?,Yǒu wūlóngchá ma?,ウーロン茶はありますか？,所有を表す動詞の“有”
44,花茶,ジャスミン茶,huāchá,我喜欢喝花茶。,Wǒ xǐhuan hē huāchá.,私はジャスミン茶が好きです。,動詞述語文
45,茶叶,茶の葉・お茶,cháyè,他给我的礼物是茶叶。,Tā gěi wǒ de lǐwù shì cháyè.,彼が私にくれたプレゼントはお茶だった。,“是”構文と介詞“给”
46,酸奶,ヨーグルト,suānnǎi,我喜欢吃酸奶。,Wǒ xǐhuan chī suānnǎi．,私はヨーグルトが好き。,動詞述語文
47,橘子,みかん,júzi,橘子有好几种品种。,Júzi yǒu hǎo jǐ zhǒng pǐnzhǒng.,ミカンには何種類もの品種がある。,所有を表す動詞の“有”
48,草莓,イチゴ,cǎoméi,你喜欢吃草莓吗?,Nǐ xǐhuan chī cǎoméi ma?,あなたはイチゴが好きですか？,動詞述語文
49,甜瓜,メロン,tiánguā,这个甜瓜很好吃。,Zhège tiánguā hěn hǎochī．,このメロンはとてもおいしい。,形容詞述語文
50,西红柿,トマト,xīhóngshì,桌子上有三个西红柿。,Zhuōzi shang yǒu sān ge xīhóngshì.,テーブルにはトマトが三つある。,存在を表す動詞の“有”
51,冰激淋,アイスクリーム,bīngjīlín,这个冰激淋很好吃。,Zhège bīngjīlín hěn hǎochī．,このアイスクリームはとても美味しい。,形容詞述語文
52,酱油,醤油,jiàngyóu,生鱼片蘸着酱油吃。,Shēngyúpiàn zhànzhe jiàngyóu chī．,さしみは醤油につけて食べます。,持続の“着”
53,味道,味,wèidao,味道怎么样?,Wèidào zěnmeyàng ?,味はどうですか？,疑問詞疑問文
54,宴会,宴会,yànhuì,欢迎宴会晚上六点开始。,Huānyíng yànhuì wǎnshang liù diǎn kāishǐ．,歓迎宴会は夜６時に始まります。,動詞述語文
55,雨衣,レインコート,yǔyī,他穿着雨衣。,Tā chuānzhe yǔyī．,彼はレインコートを着ている。,持続の“着”
56,领带,ネクタイ,lǐngdài,这条领带是我女儿送给我的。,zhè tiáo lǐngdài wǒ nǙ\'ér sònggěi wǒ de．,このネクタイは娘が私にプレゼントしてくれたものです。,“是～的”構文
57,围巾,スカーフ・マフラー,wéijīn,她围了一条长围巾。,Tā wéile yì tiáo cháng wéijīn。,彼女は長いストールを巻いた。,動詞述語文と完了の“了”
58,靴,ブーツ,xuē,他擦了靴子，洗了头，刮了脸。,Tā cāle xuēzi，xǐle tóu，guāle liǎn。,彼はブーツを磨き、髪を洗い、ひげをそった。,動詞述語文と完了の“了”
59,雨靴,雨靴・長靴,yǔxuē,这双雨靴很好看。,Zhè shuāng yǔxuē hěn hǎokàn．,この長靴はきれいだ。,形容詞述語文
60,墨镜,サングラス,mòjìng,哥哥的墨镜好酷啊。,Gēge de mòjìng hǎo kù a！,兄のサングラスはとてもかっこいい。,形容詞述語文
61,隐形眼镜,コンタクトレンズ,yǐnxíng yǎnjìng,她戴着隐形眼镜。,Tā dàizhe yǐnxíng yǎnjìng．,彼女はコンタクトレンズをつけている。,持続の“着”
62,项链,ネックレス,xiàngliàn,这条项链多少钱?,Zhè tiáo xiàngliàn duōshao qián?,このネックレスはいくらですか？,疑問詞疑問文
63,戒指,指輪,jièzhi,这个戒指很好看。,Zhège jièzhi hěn hǎokàn．,この指輪はとてもきれいだ。,形容詞述語文
64,楼,ビル・建物のフロア,lóu,电梯在五楼不停。,Diàntī zài wǔ lóu bù tíng.,エレベーターは５階には停まりません。,介詞“在”
65,大厦,ビル,dàshà,明天我参加在华侨大厦举行的研讨会。,Míngtiān wǒ cānjiā zài Huáqiáo dàshà jǔxíng de yántǎohuì。,明日は華僑ビルでのセミナーに参加します。,介詞“在”
66,楼上,上の階,lóushàng,他在楼上。,Tā zài lóushàng 。,彼は上の階にいます。,存在を表す動詞の“在”
67,楼下,下の階,lóuxià,我在楼下。,Wǒ zài lóuxià 。,私は下の階にいます。,存在を表す動詞の“在”
68,房租,家賃,fángzū,房租怎么这么贵?,Fángzū zěnme zhème guì ?,家賃はどうしてこんなに高いんだろう。,疑問詞疑問文
69,旅游车,観光バス,lǙyóuchē,导游在旅游车的前部向游客作解说。,Dǎoyóu zài lǚyóuchē de qiánbù xiàng yóukè zuò jiěshuō。,ガイドが観光バスの前の方で観光客に説明している。,介詞“在”
70,卡车,トラック,kǎchē,有些人把自己的卡车当成自己的家。,Yǒu xiē rén bǎ zìjǐ de kǎchē dāngchéng zìjǐ de jiā.,トラックを家がわりにする人々がいる。,“把”構文
71,月台,プラットホーム,yuètái,我们站在月台上等候前往北京的火车。,Wǒmen zhànzài yuètái shang děnghòu qiánwǎng Běijīng de huǒchē．,私たちはプラットホームに立って北京行きの列車を待つ。,連動文
72,检票口,改札口,jiǎnpiàokǒu,在检票口见面吧。,Zài jiǎnpiàokǒu jiànmiàn ba.,改札口で会いましょう。,介詞“在”
73,月票,定期券,yuèpiào,上班月票仅限购买者本人使用。,Shàngbān yuèpiào jǐn xiàn gòumǎizhě běnrén shǐyòng.,通勤用定期券は購入者のみが使える。,動詞述語文
74,交通磁卡,交通ICカード,jiāotōng cíkǎ,suika卡是日本的交通磁卡之一。,suika kǎ shì Rìběn de jiāotōng cíkǎ zhīyī。,スイカは日本の交通ICカードの一つです。,“是”構文
75,救护车,救急車,jíhùchē,你快叫救护车！,Nǐ kuài jiào jiùhùchē！,速く救急車を呼んで！,命令
76,警车,パトカー,jǐngchē,我被推进警车。,Wǒ bèi tuījìn jǐngchē。,私はパトカーに押し込まれた。,受け身文
77,救火车,消防車,jiùhuǒchē,救火车来了！,Jiùhuǒchē láile！,消防車が来た！,動詞述語文
78,驾校,自動車学校・教習所,jiàxiào,暑假我去驾校学开车。,Shǔjià wǒ qù jiàxiào xué kāichē.,夏休み私は自動車教習所に行って車の運転を習う。,連動文
79,凳子,腰かけ,dèngzi,她总是坐在那个凳子上。,Tā zǒngshì zuòzài nàge dèngzi shang．,彼女はいつもあの腰かけに座っている。,結果補語
80,镜子,鏡,jìngzi,照一照镜子再去。,zhào yi zhao jìngzi zài qù．,鏡を見てから行きなさい。,副詞“再”
81,空调,エアコン,kōngtiáo,我家的空调坏了。,Wǒ jiā de kōngtiiáo huài le 。,うちのエアコンは壊れた。,語気の“了”
82,褥子,敷布団,rùzi,你把褥子拿到外边晒晒吧！,Nǐ bǎ rùzi nádào wàibian shài shai ba!,敷布団を外に持っていって干しなさい。,“把”構文
83,怀表,懐中時計,huaíbiǎo,这是我爷爷的怀表。,Zhè shì wǒ yéye de huaíbiaǒ.,これは父方の祖父の懐中時計です。,“是”構文
84,座钟,置時計,zuòzhōng,他小心翼翼地把座钟放在桌子上。,Tā xiǎo xīn yì yì de bǎ zuòzhōng fàngzài zhuōzi shang.,彼は注意深く置時計をテーブルの上に置いた。,“把”構文
85,话筒,受話器・マイク・メガフォン,huàtǒng,你把话筒放在哪儿?,Nǐ bǎ huàtǒng fàngzài nǎr ?,マイクをどこに置いたの？,“把”構文
86,智能手机,スマホ,zhìnéng shǒujī,我没有智能手机。,Wǒ méiyǒu zhìnéng shǒujī 。,私はスマホを持っていません。,所有を表す動詞の“有”
87,锅,なべ,guō,先把锅放在火上，等锅热了就放油。,Xiān bǎ guō fàngzài huǒshang，děng guō rèle jiù fàng yóu.,まず鍋を火にかけ、熱くなったら油を入れる。,副詞“就”
88,盘子,大きな皿,pánzi,桌子上摆着很多盘子。,Zhuōzi shang bǎizhe hěn duō pánzi.,テーブルにはたくさんの大皿が並んでいる。,存現文
89,碟子,小皿,diézi,你把这些碟子洗一洗。,Nǐ bǎ zhèxiē diézi xǐ yi xǐ.,この皿を洗いなさい。,“把”構文
90,拖鞋,スリッパ,tuōxié,这双拖鞋很好看。,Zhè shuāng tuōxié hěn hǎokàn.,このスリッパはとてもすてき。,形容詞述語文
91,钥匙,鍵,yàoshi,我把钥匙丢了。,Wǒ bǎ yàoshi diūle．,私は鍵をなくした。,“把”構文
92,数码相机,デジタルカメラ・デジカメ,shùmǎ xiàngjī,这个数码相机的用法，你知道吗?,Zhège shùmǎ xiàngjī de yòngfǎ，nǐ zhīdào ma?,このデジカメの使い方ご存じですか？,動詞述語文
93,剪子,はさみ,jiǎnzi,剪子，石头，布！,\Jiǎnzi，shítou，bù!\,じゃんけんぽん！,
94,复印机,コピー機,fùyìnjī,怎么用复印机复印?,Zěnme yòng fùyìnjī fùyìn?,どんなふうにコピー機でコピーするの？,疑問詞疑問文
95,传真,ファックス,chuánzhēn,我给你发传真。,Wǒ gěi nǐ fā chuánzhēn．,あなたにファックスを送ります。,介詞“给”
96,圆珠笔,ボールペン,yuánzhūbǐ,我换了圆珠笔里的墨水芯.,Wǒ huànle yuánzhūbǐ li de mòshuǐ xìn.,私はボールペンのインクを取り換えた。,完了の“了”
97,节目单,プログラム,jiémùdān,晚会的节目单印出来了。,Wǎnhuì de jiémùdān yìnchulaile.,夜のパーティのプログラムは印刷ができている。,動詞述語文と方向補語
98,贺卡,グリーティングカード,hèkǎ,为了表示感谢，我要做一张贺卡送给老师。,Wèile biǎoshì gǎnxiè，wǒ yào zuò yì zhāng hèkǎ sònggěi lǎoshī.,感謝の思いを表すためにグリーティングカードを作って先生に贈ろうと思う。,連動文と結果補語
99,化妆品,化粧品,huàzhuāngpǐn,我想买日本的化妆品。,Wǒ xiǎng mǎi Rìběn de huàzhuāngpǐn.,私は日本の化粧品が買いたい。,動詞述語文と助動詞“想”
100,口红,口紅,kǒuhóng,为什么我不能抹上口红呢?,Wèishénme wǒ bù néng mǒshang kǒuhóng ne?,どうして口紅を塗ってはいけないの？,疑問詞疑問文
101,眼影,アイシャドー,yǎnyǐng,眼影怎么用才好呢?,Yǎnyǐng zěnme yòng cái hǎo ne?,アイシャドーはどんなふうに使うといいですか？,疑問詞疑問文
102,盒子,ふたがついた小型の箱（方形とは限らない）,hézi,她把所有的照片放在一个美丽的盒子里。,Tā bǎ suǒyoǔ de zhàopiàn fàngzài yí ge měilì de hézi li.,彼女は写真をすべてきれいな箱の中に入れた。,“把”構文
103,现金,現金,xiànjīn,你是现金还是刷卡?,Nǐ shì xiànjīn háishì shuākǎ ?,あなたは現金、それともカード？,選択疑問文
104,信用卡,クレジットカード,xìnyòngkǎ,我有信用卡。,Wǒ yǒu xìnyòngkǎ 。,私はクレジットカードを持っています。,所有を表す動詞の“有”
105,护照,パスポート,hùzhào,给我看看你的护照。,Gěi wǒ kàn kan nǐ de hùzhào 。,パスポートを見せてください。,介詞“给”
106,身份证,身分証明書・ＩＤカード,shēnfenzhèng,他把身份证丢了。,Wǒ bǎ shēnfenzhèng diūle.,彼は身分証をなくした。,“把”構文
107,垃圾,ごみ,lājī,把垃圾扔到垃圾箱里。,Bǎ lājī rēngdào lājīxiāng li．,ゴミをゴミ箱に捨てる。,“把”構文
108,零花钱,おこずかい,línghuāqián,爸爸给我零花钱。,Bàba gěi wǒ línghuāqián．,父は私におこずかいをくれる。,二重目的語の文
109,家务,家事,jiāwù,我在家里做一些家务。,Wǒ zài jiāli zuò yì xiē jiāwù．,私は家で家事を少しやります。,介詞“在”
110,日子,日・日にち・暮らし,rìzi,我们的日子越来越好。,Wǒmen de rìzi yuè lái yuè hǎo．,私たちの暮らしはますます良くなった。,111
任务,任務,rènwu,你得接受这个任务。,Nǐ děi jiēshòu zhège rènwu.,あなたはこの任務を受けなければならない。,助動詞“得”,112
生意,商売・ビジネス,shēngyi,有的中国人心里只有生意。,Yǒu de Zhōngguórén xīnli zhǐ yǒu shēngyi．,一部の中国人の心の中は商売のことだけだ。,所有を表す動詞の“有”,113
车间,生産現場,chējiān,当年我在高温车间里干活。,Dāngnián wǒ zài gāowēn chējiān gàn huó．,当時私は高温の作業場で働いていた。,動詞述語文,介詞“在”
114,单位,勤め先,dānwèi,你是什么单位?,Nǐ shì shénme dānwèi?,お勤め先はどちら？,疑問詞疑問文
115,干部,幹部・政府役人・ホワイトカラー,gànbù,领导干部要了解民意。,lǐngdǎo gànbù yào liǎojiě mínyì．,指導者は民意がわかっていなければならない。,助動詞“要”
116,科长,課長,kēzhǎng,科长在哪儿?,Kēzhǎng zài nǎr?,課長はどこにいますか？,疑問詞疑問文
117,机关,役所,jīguān,我妈妈在机关里工作。,Wǒ māma zài jīguān li gōngzuò．,母は役所で働いています。,介詞“在”
118,公安局,警察署,gōng\'ānjú,那是公安局。,Nà shì gōng\'ānjú．,あれは警察署です。,“是”構文
119,信筒,ポスト,xìntǒng,那里有信筒。,Nàli yǒu xìntǒng．,あそこにポストがある。,所有を表す動詞の“有”
120,志愿者,ボランティア,zhìyuànzhě,他是奥运志愿者。,Tā shì àoyùn zhìyuànzhě.,彼はオリンピックのボランティアです。,“是”構文
121,海关,税関,hǎiguān,什么是海关?,Shénme shì hǎiguān?,税関って何ですか？,疑問詞疑問文
122,签证,ビザ,qiānzhèng,去日本不用签证了。,Qù Rìběn búyòng qiānzhèng le.,日本に行くのにビザが不要になった。,語気の“了”
123,大使馆,大使館,dàshǐguǎn,恐怖分子占领了大使馆。,Kǒngbù fènzǐ zhànlǐngle dàshǐguǎn.,テロリストが大使館を占拠した。,動詞述語文
124,服务台,サービスカウンター,fúwùtái,出去的时候把钥匙交给服务台。,Chūqu de shíhou bǎ yàoshi jiāogěi fúwùtái.,出かける時は鍵をサービスカウンターに渡します。,“把”構文
125,手续,手続き,shǒuxù,我们去前台办订房手续吧。,Wǒmen qù qiántái bàn dìngfáng shǒuxù ba．,フロントに行ってチェックインしましょう。,連動文
126,祖国,祖国,zǔguó,我爱祖国。,Wǒ ài zǔguó．,私は祖国を愛しています。,動詞述語文
127,人民,人民・国民・労働者や農民を中心とした社会の基本メンバーのこと（地主は除く）,rénmín,在中国，人民是阶级概念。,Zài Zhōngguó，rénmín shì jiējí gàiniàn．,中国では「人民」は階級概念だ。,“是”構文
128,欧洲,ヨーロッパ,Ōuzhōu,我去欧洲旅游过一次。,Wǒ qù Ōuzhōu lǙyóuguo yí cì.,私はヨーロッパに一度旅行したことがある。,経験の“过”
129,新加坡,シンガポール,Xīnjiāpō,父母要去新加坡旅游。,Fùmǔ yào qù Xīnjiāpō lǙyóu.,両親はシンガポールに旅行に行きます。,助動詞“要”
130,香港,香港,Xiānggǎng,我看香港武打片。,Wǒ kàn Xiānggǎng wǔdǎpiàn．,私は香港のカンフー映画を見る。,動詞述語文
131,蒙古,モンゴル,Měnggǔ,我们学校来了一个蒙古留学生。,Wǒmen xuéxiào láile yí ge Měnggǔ liúxuéshēng.,私たちの学校にモンゴルからの留学生が一人やってきました。,存現文
132,澳大利亚,オーストラリア,Àodàlìyà,我想将来去澳大利亚留学。,Wǒ xiǎng jiānglái qǔ Àodàlìyà liúxué.,私は将来オーストラリアに留学したい。,助動詞“想”
133,新西兰,ニュージーランド,Xīnxīlán,我在新西兰的一个商店里买了一些纪念品。,Wǒ zài Xīnxīlán de yí ge shāngdiàn li mǎile yì xiē jìniànpǐn．,私はニュージーランドのお店でおみやげを少し買った。,介詞“在”
134,越南人,ベトナム人,Yuènánrén,她是越南人。,Tā shì Yuènánrén．,彼女はベトナム人です。,“是”構文
135,亚洲人,アジア人,Yàzhōurén,她是亚洲人。,Tā shì Yàzhōurén．,彼女はアジア人です。,“是”構文
136,欧美人,欧米人,Ōuměirén,他是欧美人。,Tā shì Ōuměirén．,彼は欧米人です。,“是”構文
137,万里长城,万里の長城,Wànlǐ chángchéng,你爬过万里长城吗?,Nǐ páguo Wànlǐ Chángchéng ma ?,万里の長城に登ったことはありますか？,経験の“过”
138,母语,母語,mǔyǔ,我的母语是汉语。,Wǒ de mǔyǔ shì Hànyǔ．,私の母語は中国語です。,“是”構文
139,俄语,ロシア語,Éyǔ,我学过三年俄语。,Wǒ xuéguo sān nián Éyǔ.,私はロシア語を三年学んだことがある。,経験の“过”
140,口语,話し言葉,kǒuyǔ,我们应该提高汉语口语水平。,Wǒmen yīnggāi tígāo Hànyǔ kǒuyǔ shuǐpíng．,私たちは中国語の会話力を上げなければいけない。,助動詞“应该”
141,句子,文,jùzi,我要写很长的句子。,Wǒ yào xiě hěn cháng de jùzi．,私は長い文を書かなければならない。,助動詞“要”
142,表现,態度,biǎoxiàn,我们应该怎样看待她的表现？,Wǒmen yīnggāi zěnyàng kàndài tā de biǎoxiàn.,彼女のふるまいをどう取り扱うべきだろうか？,助動詞“应该”
143,态度,物腰・態度,tàidù,他对我的态度有点儿冷淡。,Tā duì wǒ de tàidù yǒudiǎnr lěngdàn.,彼の私に対する態度は少し冷淡です。,介詞“对”
144,贸易,貿易,màoyì,他从事国际贸易。,Tā cóngshì guójì màoyì.,彼は国際貿易に従事している。,動詞述語文
145,汇率,レート,huìlǛ,今天的汇率怎么样?,Jīntiān de huìlǛ zěnmeyàng?,今日のレートはどうですか？,疑問詞疑問文
146,日元,日本円,Rìyuán,日元汇率继续升高。,Rìyuán huìlǛ jìxù shēnggāo．,日本円のレートは引き続き上がっている。,動詞述語文
147,美元,米ドル,Měiyuán,1美元等于多少人民币?,Yì Měiyuán děngyú duōshao rénmínbì?,１ドルは人民元でいくらですか？,疑問詞疑問文
148,人民币,人民元,rénmínbì,1万日元可以兑换多少人民币?,Yí wàn Rìyuán kěyǐ duìhuàn duōshao rénmínbì?,１万円は人民元でいくらになりますか？,疑問詞疑問文
149,产量,生産高,chǎnliàng,今年的产量比去年增加了百分之十。,Jīnnián de chǎnliàng bǐ qùnián zēngjiāle bǎifēnzhī shí.,今年の生産高は去年より１０％増えた。,比較文
150,资源,資源,zīyuán,资源是全社会的。,Zīyuán shì quán shèhuì de．,資源は社会全体のものです。,“是～的”構文
151,资料,生産や生活の必需品・資料,zīliào,资料怎么整理好?,Zīliào zěnme zhěnglǐ hǎo?,資料はどう整理したらいいだろう？,疑問詞疑問文
152,合同,契約,hétong,依法成立的合同，受法律保护。,Yīfǎ chénglì de hétong，shòu fǎlǛ bǎohù．,法に基づいて成立した契約は法律の保護を受ける。,動詞述語文
153,罚款,違約金,fákuǎn,我们按规定交罚款。,Wǒmen àn guīdìng jiāo fákuǎn．,私たちは規定に従って罰金を払った。,動詞述語文
154,名牌,ブランド,míngpái,那里有很多名牌商店。,Nàli yǒu hěn duō míngpái shāngdiàn．,あそこはブランド店がたくさんある。,所有を表す動詞の“有”
155,顾客,顧客・お得意,gùkè,顾客是上帝的。,Gùkè shì shàngdì de．,お客様は神様です。,“是”構文
156,学院,単科大学,xuéyuàn,大学和学院有什么区别?,Dàxué hé xuéyuàn yǒu shénme qūbié?,大学と学院にはどんな違いがあるんですか？,疑問詞疑問文
157,班长,班長・クラス委員,bānzhǎng,她是我们班的班长。,Tā shì wǒmen bān de bānzhǎng.,彼は私たちのクラスの委員長です。,“是”構文
158,学长,先輩（男の）,xuézhǎng,他是我学长。,Tā shì wǒ xuézhǎng 。,彼は私の先輩です。,“是”構文
159,学姐,女の先輩,xuézhǎng,她是我学姐。,Tā shì wǒ xuéiiě.,彼女は私の先輩です。,“是”構文
160,教学楼,教学棟,jiàoxuélóu,午饭在教学楼旁边的食堂吃。,Wǔfàn zài jiàoxuélóu pángbiān de shítáng chī.,昼食は教学棟のそばの食堂で取ります。,介詞“在”
161,讲台,教壇・演壇,jiǎngtái,你把话筒放在讲台上。,Nǐ bǎ huàtǒng fàngzài jiǎngtái shang 。,マイクを演壇の上に置いてください。,“把”構文
162,题,問題,tí,他连这么难的题都能回答得上来。,Tā lián zhème nán de tí dōu néng huídádeshanglai.,彼はこんな難しい問題も解ける。,可能補語
163,考场,試験会場,kǎochǎng,学生们都走进考场去了。,Xuéshengmen dōu zǒujìn kǎochǎng qu le.,学生たちは試験会場に入っていった。,方向補語
164,文件,文書・文献,wénjiàn,其他介绍请看附带的说明文件。,Qítā jièshào qǐng kàn fùdài de shuōmíng wénjiàn．,その他の説明については添付した説明ファイルをご覧ください。,命令
165,研讨会,シンポジウム,yántǎohuì,我参加了科学与艺术研讨会。,Wǒ cānjiāle kēxué yǔ yìshù yántǎohuì.,私は科学と芸術のシンポジウムに参加した。,完了の“了”
166,知识,知識・教養,zhīshi,他在这方面的知识非常渊博。,Tā zài zhè fāngmiàn de zhīshi fēicháng yuānbó.,彼のこの方面の知識は非常に深くて広いです。,形容詞述語文
167,卡拉ＯＫ,カラオケ,kǎlāōukèi,咱们去唱卡拉OK吧。,Zánmen qù chàng kǎlāōukèi ba．,私たちカラオケに行きましょうよ。,語気助詞の“吧”
168,乐器,楽器,yuèqì,他的乐器很大。,Tā de yuèqì hěn dà．,彼の楽器はとても大きい。,形容詞述語文
169,吉他,ギター,jítā,我儿子在吉他班学吉他。,Wǒ érzi zài jítābān xué jítā.,うちの息子はギターのクラスでギターを習っている。,介詞“在”
170,二胡,胡弓・二湖,èrhú,我们一起学习二胡。,Wǒmen yìqǐ xuéxí èrhú 。,私たちいっしょに胡弓を習いましょう。,動詞述語文
171,民歌,民謡,míngē,我喜欢听中国民歌。,Wǒ xǐhuan tīng Zhōngguó míngē．,私は中国の民謡が好きだ。,動詞述語文
172,节目,番組・出し物,jiémùdān,东西很好吃，节目很丰富。,Dōngxi hěn hǎochī，jiémù hěn fēngfù.,食べ物はおいしく、出し物は盛りだくさんだ。,形容詞述語文
173,武打片,カンフー映画,wǔdǎpiàn,我喜欢看武打片。,Wǒ xǐhuan kàn wǔdǎpiàn．,私はカンフー映画が好きだ。,動詞述語文
174,偶像,アイドル・憧れ,ǒuxiàng,王老师是我的偶像。,Wáng lǎoshī shì wǒ de ǒuxiàng．,王先生は私の憧れです。,“是”構文
175,粉丝,ファン,fěnsī,我是成龙的粉丝。,Wǒ shì Chéng Lóng de fěnsī．,私はジャッキー・チェンのファンです。,“是”構文
176,迷,ファン,mí,我们都是漫画迷。,Wǒmen dōu shì mànhuàmí.,和たちたちはみなマンガ好きです。,“是”構文
177,彩色,カラー,cǎisè,我想买个彩色打印机。,Wǒ xiǎng mǎi ge cǎisè dǎyìnjī．,私はカラープリンターが買いたい。,助動詞“想”
178,书法,書道,shūfǎ,我有时练书法。,Wǒ yǒushí liàn shūfǎ.,私は時にお習字をします。,動詞述語文
179,对联,対聯（ついれん）・対句を書いた掛物,duìliàn,我爷爷写了几副对联。,Wǒ yéye xiěle jǐ fù duìliàn.,祖父がいくつかの対聯を書いた。,完了の“了”
180,工艺品,工芸品,gōngyìpǐn,工艺品在几楼?,Gōngyìpǐn zài jǐ lóu?,工芸品は何階ですか？,疑問詞疑問文
181,温泉,温泉,wēnquán,我泡过温泉。,Wǒ pàoguo wēnquán．,私は温泉に入ったことがある。,経験の“过”
182,宾馆,ホテル,bīnguǎn,今天你们住的宾馆在那儿。,Jīntiān nǐmen zhù de bīnguǎn zài nàr.,今日皆さんが泊まるホテルはあそこにあります。,存在を表す動詞の“在”
183,前台,フロント,qiántái,您好，我是前台。,Nín hǎo，wǒ shì qiántái．,こんにちは、こちらはフロントです。,“是”構文
184,双人房,ツインルーム,shuāngrénfáng,我订了双人房。,Wǒ dìngle shuāngrénfáng.,私はツインの部屋を予約した。,完了の“了”
185,单人房,シングルルーム,dānrénfáng,单人房小的250元，大的350元。,Dānrénfáng xiǎo de èrbǎiwǔshí yuán，dà de sānbǎiwǔshí yuán.,シングルルームは小さい方は２５０元、大きい方は３５０元です。,名詞述語文
186,旅行社,旅行代理店・ツーリスト,lǙxíngshè,请问，您是阳光旅行社的吗?,Qǐng wèn，nín shì Yángguāng lǙxíngshè de ma?,すみません、陽光旅行社の方ですか？,“是”構文
187,游戏,ゲーム,yóuxì,他正在玩儿游戏呢。,Tā zhèngzài wánr yóuxì ne 。,彼はちょうどゲームをしているところです。,進行形
188,游戏机,ゲーム機,yóuxìjī,我不小心弄坏了自己的游戏机。,Wǒ bù xiǎoxīn nònghuàile zìjǐ de yóuxìjī.,私はうっかりして自分のゲーム機を壊してしまった。,完了の“了”
189,过山车,ジェットコースター,guòshānchē,玩儿过山车吧。,Wánr guòshānchē ba 。,ジェットコースターに乗ろうよ。,語気助詞の“吧”
190,文学,文学,wénxué,我对中国文学很感兴趣。,Wǒ duì Zhōngguó wénxué hěn gǎn xìngqu.,私は中国文学にとても興味があります。,介詞“对”
191,历史,歴史,lìshǐ,美日韩三国是怎样评价中国历史的呢？,Měi Rì Hán sānguó shì zěnyàng píngjià Zhōngguó lìshǐ de ne?,米・日・韓の参加国は中国の歴史をどのように評価しているのだろうか？,疑問詞疑問文ともう一つの“是～的”構文
192,硬件,ハードウェア,yìngjiàn,什么是硬件?,Shénme shì yìngjiàn?,ハードウェアって何ですか？,疑問詞疑問文
193,软件,ソフトウェア,ruǎnjiàn,有没有好用的词典软件?,Yǒu méiyou hǎoyòng de cídiǎn ruǎnjiàn?,使いやすい辞書ソフトはありますか？,所有を表す動詞の“有”
194,互联网,インターネット,hùliánwǎng,我打算在互联网上预定。,Wǒ dǎsuàn zài hùliánwǎng shang yùdìng.,私はネットで予約するつもりだ。,介詞“在”
195,打印机,プリンター,dǎyìnjī,这是打印机。,Zhè shì dǎyìnjī．,これはプリンターです。,“是”構文
196,激光,レーザー,jīguāng,这是激光打印机。,Zhè shì jīguāng dǎyìnjī．,これはレーザープリンターです。,“是”構文
197,伊妹儿,Eメール,yīmèir,我给你发伊妹儿。,Wǒ gěi tā fā yīmèir．,あなたにEーメールを送ります。,介詞“给”
198,棒球,野球,bàngqiú,我喜欢看棒球。,Wǒ xǐhuan kàn bàngqiú．,私は野球を見るのが好きだ。,動詞述語文
199,篮球,バスケットボール,lánqiú,我喜欢打篮球。,Wǒ xǐhuan dǎ lánqiú．,私はバスケットボールが好きだ。,動詞述語文
200,网球,テニス,wǎngqiú,我打过网球。,Wǒ dǎguo wǎngqiú．,私はテニスをやったことがある。,経験の“过”
201,乒乓球,卓球,pīngpāngqiú,我会打乒乓球。,Wǒ huì dǎ pīngpāngqiú．,私は卓球ができます。,助動詞“会”
202,羽毛球,バドミントン,yǔmáoqiú,羽毛球没有网球那么有意思。,Yǔmáoqiú méiyou wǎngqiú nàme yǒu yìsi．,バドミントンはテニスほど面白くはない。,比較文
203,高尔夫球,ゴルフ,gāo\'ěrfūqiú,他高尔夫球打得怎么样?,Tā gāo\'ěrfūqiú dǎde zěnmeyàng?,彼のゴルフの腕前はどうですか？,様態補語
204,太极拳,太極拳,tàijíquán,我奶奶天天打太极拳。,Wǒ nǎinai tiāntiān dǎ tàijíquán.,うちのお祖母ちゃんは毎日太極拳をやっている。,動詞述語文
205,操场,グラウンド,cāochǎng,他们在操场上。,Tāmen zài cāochǎng shang．,彼らはグラウンドにいる。,存在を表す動詞の“在”
206,球场,球場,qiúchǎng,球场在我家前面。,Qiúchǎng zài wǒ jiā qiánmiàn．,球場はうちの前にある。,存在を表す動詞の“在”
207,观众,観衆・見物人,guānzhòng,这一句话感动了很多观众。,Zhè yí jù gǎndòngle hěn duō guānzhòng.,このことばは多くの観衆を感動させた。,動詞述語文
208,奥运会,オリンピック,àoyùnhuì,2020年在东京举办奥运会。,èrlíngèrlíng nián zài Dōngjīng jǔbàn àoyùnhuì.,２０２０年東京でオリンピックが開かれる。,介詞“在”
209,个子,（人の）背丈,gèzi,他个子很高。,Tā gèzi hěn gāo.,彼は背が高い。,形容詞述語文
210,胳膊,腕,gēbo,她们挽着胳膊沿大街走着。,Tāmen wǎnzhe gēbo yán dàijiē zǒuzhe.,彼女たちは腕を組んで町を歩いている。,持続の“着”
211,腿,足（くるぶしから足の付け根まで）,tuǐ,那些外国人在塌塌米上盘腿而坐。,Nà xiē wàiguórén zài tātāmǐ shang pántuǐ ér zuò。,あの外国の人たちは畳にあぐらをかいて座っている。,介詞“在”
212,脚,足（くるぶしからつま先まで）,jiǎo,他踩我的脚了。,Tā cǎi wǒ de jiǎo le。,彼は私の足を踏んだ。,語気の“了”
213,皮肤,皮膚・肌,pífū,他的皮肤有点儿黑。,Tā de pífū yǒudiǎnr hēi.,彼の肌は少し黒い。,形容詞述語文と“有点儿”
214,眼睛,目,yǎnjing,瞪着眼睛看人是不礼貌的。,Dèngzhe yǎnjing kàn rén bù lǐmào de.,にらんだ目つきで人を見ることは失礼です。,“是～的”構文
215,嘴,口,zuǐ,她是典型的刀子嘴，豆腐心。,Tā shì diǎnxíng de dāozi zuǐ，dòufu xīn.,彼女は典型的な口は悪いが気持ちは優しいというタイプだ。,“是”構文
216,鼻子,鼻,bízi,他眉毛浓，鼻子挺拔。,Tā méimáo nóng，bízi tǐngbá.,彼は眉が濃く、鼻筋が通っている。,形容詞述語文
217,耳朵,耳,ěrduo,俗话说耳朵大有福，耳垂大长寿。,Súhuà shuō ěrduo dà yǒu fú，ěrchuí dà chángshòu.,耳が大きいと幸せになり、福耳だと長生きだということばがある。,所有を表す動詞の“有”
218,脖子,首,bózi,长颈鹿的脖子很长。,Chángjǐnglù de bózi hěn cháng.,キリンの首は長い。,形容詞述語文
219,嗓子,のど,sǎngzi,嗓子疼了。,Sǎngzi téngle．,のどが痛くなった。,語気の“了”
220,眼泪,涙,yǎnlèi,我眼泪都快出来了。,Wǒ yǎnlèi dōu kuài chūlaile．,私は涙がもうこぼれそうだ。,“快要～了”
221,力气,力,lìqi,我没力气拿起来。,Wǒ méi lìqi náqǐlai 。,持ち上げる力がない。,方向補語
222,点滴,点滴,diǎndī,打打点滴就好了。,Dǎ de diǎndī jiù hǎole．,ちょっと点滴すれば良くなります。,動詞の重ね型
223,残疾,身体に障害があること,cánjí,他在全国残疾人体育比赛上得了冠军。,Tā zài quánguó cánjírén tǐyù bǐsài shang déle guānjūn．,彼は全国障害者スポーツ大会で優勝した。,介詞“在”
224,感冒,風邪,gǎnmào,我的感冒好多了。,Wǒ de gǎnmào hǎoduō le．,私の風邪はすっかり良くなりました。,程度補語
225,猴子,サル,hóuzi,猴子抱着一个南瓜回去了。,Hóuzi bàozhe yí ge nánguā huíqule.,サルがかぼちゃをかかえて戻っていった。,連動文と持続の“着”
226,猪,ブタ,zhū,我们饲养猪和鸡。,Wǒmen sīyǎng zhū hé jī.,私たちはブタと鶏を飼っている。,動詞述語文
227,蝴蝶,蝶々,húdié,院子里飞来了一只蝴蝶。,Yuànzi lifēilaile yì zhī húdié．,庭に蝶々が一匹飛んできた。,存現文
228,蚂蚁,アリ,mǎyǐ,蚂蚁来回地爬着。,Mǎyǐ láihuí de pázhe.,アリが行ったり来たり這っている。,持続の“着”
229,樱花,桜,yīnghuā,樱花开了。,Yīnghuā kāi le．,桜の花が咲いた。,完了の“了”
230,玫瑰,バラ,méigui,我送给她几朵玫瑰花。,Wǒ sònggěi tā jǐ duǒ méiguihuā．,私は彼女にバラを何本か贈った。,二重目的語の文
231,叶子,葉っぱ,yèzi,我摘了一片叶子。,Wǒ zhāile yí piàn yèzi.,私は葉っぱを一枚摘み取った。,動詞述語文
232,鲜花,生花,xiānhuā,我给她买了一束鲜花。,Wǒ gěi tā mǎile yí shù xiānhuā．,私は彼女に花を一束を買ってあげた。,完了の“了”
233,草丛,草むら,cǎocóng,我看到草丛里有一只麻雀。,Wǒ kàndào cǎocóng li yǒu yì zhī máquè.,私は草むらにスズメが一羽いるのを見た。,所有を表す動詞の“有”と動詞述語文
234,月球,月,yuèqiú,人类已把宇航员送到月球上。,Rénlèi yǐ bǎ yǔhángyuán sòngdào yuèqiú shang.,人類はすでに宇宙飛行士を月に送り込んだ。,“把”構文
235,景色,景色,jǐngsè,那儿的景色很美。,Nàr de jǐngsè hěn měi．,あそこの景色は本当に美しい。,形容詞述語文
236,周末,週末,zhōumò,周末过得怎么样?,Zhōumò guòde zěnmeyàng ?,週末はどうでしたか？,様態補語
237,童年,幼年・幼年時代,tóngnián,我喜欢自己的童年时代。,Wǒ xǐhuan zìjǐ de tóngnián shídài.,私は自分の子供時代が好きです。,動詞述語文
238,空儿,暇,kòngr,我什么时候都有空儿。,Wǒ shénme shíhou dōu yǒu kòngr．,私はいつでも時間があります。,所有を表す動詞の“有”と不定の意味を持つ疑問詞
239,平时,ふだん,píngshí,他平时不能经常回家。,Tā píngshí bù néng jīngcháng huíjiā.,彼はふだんしょっちゅうは家に帰れない。,助動詞“能”
240,老家,故郷・いなか・原籍地,lǎojiā,你老家在什么地方?,Nǐ lǎojiā zài shénme dìfang?,あなたのふるさとはどんなところですか？,疑問詞疑問文
241,家乡,ふるさと,jiāxiāng,你的家乡在哪儿?,Nǐ de jiāxiāng zài nǎr ?,あなたのふるさとはどこですか？,疑問詞疑問文
242,首都,首都,shǒudū,里约曾经是巴西的首都。,Lǐyuē céngjīng shì Bāxī de shǒudū.,リオデジャネイロはかつてブラジルの首都でした。,“是”構文
243,城镇,町,chéngzhèn,当时他生活在一个边远的城镇。,Dāngshí tā shēnghuózài yíge biānyuǎn de chéngzhèn．,当時彼は辺鄙な田舎町で暮らしていた。,結果補語
244,街,大通り,jiē,大街上看不到一个人影儿。,Dàjiē shang kànbudào yí ge rényǐngr.,通りには人影一つなかった。,可能補語
245,中心,中心・中心地・センター,zhōngxīn,我家在市中心。,Wǒ jiā zài shì zhōngxīn．,うちは市の中心地にあります。,存在を表す動詞の“在”
246,郊外,郊外,jiāowài,我们公司搬到郊外去了。,Wǒmen gōngsī bāndào jiāowài qùle.,私たちの会社は郊外に移転しました。,結果補語
247,外地,よその土地,wàidì,爸爸去外地打工。,Bàba qù wàidì dǎgōng.,お父さんはよその土地に行ってアルバイトをしている。,連動文
248,隔壁,隣家・隣人,gébì,我不知道是谁住在我的隔壁。,Wǒ bù zhīdào shì shéi zhùzài wǒ de gébì.,誰がうちの隣りに住んでいるのか、私は知らない。,疑問詞疑問文
249,桥,橋,qiáo,那座桥有500米长。,Nà zuò qiáo yǒu wǔbǎi mǐ cháng．,あの橋は５００メートルの長さがある。,所有を表す動詞の“有”
250,省,省,shěng,我出生在江苏省。,Wǒ chūshēngzài Jiāngsū shěng.,私は江蘇省で生まれました。,結果補語
251,心灵,心,xīnlíng,音乐是用心灵来演奏的。,Yīnyuè shì yòng xīnlíng lái yǎnzòu de．,音楽は心で演奏するものだ。,“是～的”構文
252,精神,精神・心,jīngshén,他们富于创造精神。,Tāmen fùyú chuàngzào jīngshén．,彼らは創造性のある精神に富んでいる。,
253,心情,気持ち・気分,xīnqíng,我心情不好。,Wǒ xīnqíng bù hǎo 。,気分がクサクサする。,形容詞述語文
254,精神,活力,jīngshen,我爷爷很有精神。,Wǒ yéye hěn yǒu jīngshen.,うちのおじいちゃんはとても元気です。,所有を表す動詞の“有”
255,思想,思想,sīxiǎng,我们应该把思想变为行动了。,Wǒmen yīnggāi bǎ sīxiǎng biànwéi xíngdòng le.,私たちは思想を行動に変えるべきです。,助動詞“应该”
256,骄傲,誇り,jiāo\'ào,我对自己感到骄傲。,Wǒ duì zìjǐ gǎndào jiāo\'ào.,私は自分に誇りを感じる。,介詞“对”
257,信心,自信・確信,xìnxīn,我对自己充满了信心。,Wǒ duì zìjǐ chōngmǎnle xìnxīn．,私は自分に自信を持っている。,介詞“对”
258,技巧,技巧・テクニック,jìqiǎo,她有了一套做菜的独特技巧。,Tā yǒule yí tào zuò cài de dútè jìqiǎo.,彼女は料理の独特なテクニックを持っている。,所有を表す動詞の“有”と量詞
259,事情,事・事柄・仕事・用事,shìqing,你有什么事情吗?,Nǐ yǒu shénme shìqing ma?,何かご用ですか？,不定の意味を持つ疑問詞
260,标准,レベル・標準,biāozhǔn,按照这个标准我是一个中国通。,Ànzhào zhège biāozhǔn wǒ shì yí ge Zhōngguótōng．,この基準に照らせば私はいっぱしの中国通だ。,“是”構文
261,计划,計画,jìhuà,她按自己的计划行事。,Tā àn zìjǐ de jìhuà xíngshì.,彼女は自分の計画に基づいて行動する。,
262,原因,原因,yuányīn,警方正在调查爆炸的原因。,Jǐngfāng zhèng zài diàochá bǎòzhà de yuányīn.,警察側が今爆発の原因を調べている。,進行形
263,理由,理由・わけ・口実,lǐyóu,爱一个人没有理由。,Ài yí ge rén méiyou lǐyóu.,誰かを愛することに理由なんてありません。,所有を表す動詞の“有”
264,道理,理由・道理・考え,dàolǐ,我在你身上学到很多做人的道理。,Wǒ zài nǐ shēnshàng xuédào hěn duō zuòrén de dàolǐ．,私は人間の正しい生き方をあなたから学びました。,介詞“在”
265,结论,結論,jiélùn,先说结论，再说原因。,Xiān shuō jiélùn，zài shuō yuányīn．,まず結論を言って、それから原因を言う。,副詞“再”
266,矛盾,矛盾,máodùn,我们之间有很大的矛盾。,Wǒmen zhījiān yǒu hěn dà de máodùn．,私たちの間には大きな矛盾がある。,存在を表す動詞の“有”
267,经验,経験,jīngyàn,我们没有经验。,Wǒmen méiyou jīngyàn．,私たちには経験がありません。,所有を表す動詞の“有”
268,由来,由来・いきさつ・原因,yóulái,麻婆豆腐的由来有几种说法。,Mápódòufu de yóulái yǒu jǐ zhǒng shuōfǎ.,マーポー豆腐の由来はいくつかある。,所有を表す動詞の“有”
269,影响,影響,yǐngxiǎng,他对他孩子有很大影响力。,Tā duì tā háizi yǒu hěn dà yǐngxiǎnglì.,彼は自分の息子に大きな影響力を持っている。,介詞“对”
270,任何,いかなる,rènhé,任何人都会变老。,Rènhé rén dōu huì biàn lǎo.,いかなる人もみな年を取る。,助動詞“会”
271,滑冰,アイススケート,huábīng,你想不想学滑冰?,Nǐ xiǎng bu xiang xué huábīng?,あなたはアイススケートを習いたいですか？,助動詞“想”
272,古老,古い・古い歴史を持つ,gǔlǎo,我对古老的文化感兴趣。,Wǒ duì gǔlǎo de wénhuà gǎn xìngqù．,私は古い文化に興味があります。,介詞“对”
273,节,～コマ・～限,jié,星期一的一节课是汉语。,Xīngqīyī de yī jié kè shì Hànyǔ.,月曜の１限は中国語です。,“是”構文
274,行,行（ぎょう）,háng,请再添上一行。,Qǐng zài tiānshang yì háng.,一行付け加えてください。,使役文
275,顿,動作の回数を示す,dùn,我被爸爸说了一顿。,Wǒ bèi bàba shuōle yí dùn．,私は父に叱られた。,受け身文
276,米,メートル,mǐ,我能游一百米。,Wǒ néng yóu yìbǎi mǐ.,私は１００メートル泳げる。,助動詞“能”
277,克,グラム,kè,平均重量一个在500克左右。,Píngjūn zhòngliàng yí ge zài wǔbǎi kè zuǒyòu.,平均重量は一個５００グラム前後だ。,動詞述語文
278,厘米,センチメートル,límǐ,他个子比你高五厘米。,Tā gèzi bǐ nǐ gāo wǔ límǐ．,彼はあなたより５センチ高い。,比較文
279,公里,キロメートル,gōnglǐ,一公里有多少毫米？,Yì gōnglǐ yǒu duōshao háomǐ?,１キロは何ミリになる？,疑問詞疑問文
280,支（枝）,～本（棒状のものを数える）,zhī,你们要准备一个笔记本和一支铅笔。,Nǐmen yào zhǔnbèi yí ge bǐjìběn hé yì zhī qiānbǐ.,みなさんはノート一冊と鉛筆一本を用意してください。,助動詞“要”
281,教授,教授,jiàoshòu,他是我们大学的历史教授。,Tā shì wǒmen dàxué de lìshǐ jiàoshòu.,彼は私たちの大学の歴史の教授です。,“是”構文
282,蹲,しゃがむ,dūn,他们蹲下就聊起来了。,Tāmen dūnxià jiù liáoqǐlai le。,彼らはしゃがみこむとおしゃべりを始めた。,方向補語の派生義
283,倒,倒れる・つぶれる,dǎo,那家公司倒了。,Nà jiā gōngsī dǎole．,あの会社はつぶれた。,動詞述語文
284,摔倒,ころぶ,shuāidǎo,我不小心摔倒的。,Wǒ bù xiǎoxīn shuāidǎo de 。,私は不注意で転んでしまった。,“是～的”構文
285,滑,すべる,huá,我滑了一下，从楼梯上摔了下来。,Wǒ huále yíxià，cóng lóutī shang shuāile xialai.,私はちょっと滑って、階段から滑り落ちた。,方向補語
286,取,受け取る・引き出す,qǔ,我去银行取钱。,Wǒ qù yínháng qǔ qián.,私は銀行に行ってお金をおろします。,連動文
287,摘,摘み取る・はずす・選び取る,zhāi,从树上摘下了很多苹果。,Cóng shùshang zhāixiàle hěn duō píngguǒ.,木からたくさんリンゴを摘み取った。,動詞述語文
288,说错,言い間違える,shuōcuò,我说错了。,Wǒ shuōcuò le 。,言い間違えました。,結果補語
289,骗,だます,piàn,他骗了我。,Tā piànle wǒ．,彼は私をだました。,完了の“了”
290,通知,通知する,tōngzhī,地址如有变动，请通知我们。,Dìzhǐ rú yǒu biàndòng，qǐng tōngzhī wǒmen.,住所が変わったら教えてください。,命令
291,填,書き込む,tián,这个表格怎么填?,Zhège biǎogé zěnme tián?,この用紙はどんなふうに書き込むんですか？,疑問詞疑問文
292,得到,手に入れる・受ける,dédào,你得到头等奖吗？,Nǐ dédào tóuděngjiǎng ma?,あなたは１等賞を取ったのですか？,動詞述語文
293,取得,手に入れる,qǔdé,我们已取得了巨大的胜利。,wǒmen yǐ qǔdéle jùdà de shènglì．,私たちはすでに大きな勝利を得た。,完了の“了”
294,拍,軽くたたく・撮影する,pāi,他拍桌子骂我。,Tā pāi zhuōzi mà wǒ．,彼は机をたたいて私を怒る。,連動文
295,拉,引っ張る,lā,他拉着我的手说。,Tā lāzhe wǒ de shǒu shuō．,彼は私の手を取って言った。,連動文
296,冲,勢いよく流す,chōng,厕所不能冲水了。,Cèsuǒ bù néng chōngshuǐ le．,トイレが流せなくなった。,助動詞“能”
297,关,閉める・消す,guān,关灯后别看手机。,Guān dēng hòu bié kàn shǒujī．,電気を消した後ケータイを見てはいけない。,禁止
298,闭,閉じる,bì,她正在闭着眼睛睡觉。,Tā zhèngzài bìzhe yǎnjing shuìjiào．,彼女はちょうど目をつぶって眠っている。,進行形
299,扔,投げる・捨てる,rēng,别乱扔垃圾!,Bié luàn rēng lājī．,ゴミのポイ捨てはしないように。,禁止
300,丢,なくす,diū,钱包丢了!,Qiánbāo diūle！,財布をなくした！,語気の“了”
301,捡,拾う,jiǎn,我在超市里捡了一把钥匙。,Wǒ zài chāoshì li jiǎnle yì bǎ yàoshi．,私はスーパーで鍵を一つ拾った。,完了の“了”
302,换,替える,huàn,我在银行换钱。,Wǒ zài yínháng huàn qián．,私は銀行で両替します。,介詞“在”
303,擦,こする・拭く,cā,你把黑板擦干净！,Nǐ bǎ hēibǎn cāgānjìng！,黒板をきれいに拭いておいて。,“把”構文
304,撕,引き裂く,sī,那本书被我弟弟撕破了。,Nà běn shū bèi wǒ dìdi sīpòle 。,あの本は弟に破かれてしまった。,受け身文
305,剩,残る・残す,shèng,我们剩了很多菜。,Wǒmen shèngle hěn duō cài．,私たちはたくさんの料理を残した。,完了の“了”
306,掰,両手で割る・折る,bāi,他掰着手指算了起来。,Tā bāizhe shǒuzhǐ suànleqilai.,彼は指を折って数え始めた。,持続の“着”と方向補語
307,淋,ぬらす・ぬれる,lín,昨天我被雨淋湿了。,Zuótiān wǒ bèi yǔ línshīle．,昨日雨にぬれてびっしょりになった。,結果補語と受け身文
308,属,～だ（干支の年を言う時に用いられる）,shǔ,我是属牛的。,Wǒ shì shǔ niú de 。,私はウシ年です。,“是”構文
309,交,交わる・友達になる,jiāo,我交了很多朋友。,Wǒ jiāole hěn duō péngyou.,私はたくさんの友人とつきあった。,完了の“了”
310,离开,離れる,líkāi,\他今天晚上到，后天早上离开。\,Tā jīntiān wǎnshang dào，hòutiān zǎoshang líkāi.,彼は今日の夜着き、あさっての朝発つ。,動詞述語文
311,陪,付き添う,péi,我陪你去医院。,Wǒ péi nǐ qù yīyuàn．,あなたに付き添って病院に行く。,連動文
312,结婚,結婚する,jiéhūn,听说他结婚了。,Tīngshuō tā jiéhūnle．,彼は結婚したそうです。,語気の“了”
313,庆祝,祝う,qìngzhù,我们庆祝一下！,Wǒmen qìngzhù yíxià！,私たちお祝いしましょう！,“一下”
314,祝贺,祝賀する・祝う,zhùhè,祝贺你！,Zhùhè nǐ!,おめでとう！,
315,赠送,プレゼントする・贈呈する,zèngsòng,你随便挑三样，免费赠送。,Nǐ suíbiàn tiāo sān yàng，miǎnfèi zèngsòng.,三つ自由に選んでください。ただでプレゼントします。,命令
316,访问,訪問する,fǎngwèn,记者访问了这位英雄。,Jìzhě fǎngwènle zhè wèi yīngxióng.,記者はこの英雄を訪ねた。,完了の“了”
317,做客,客になる,zuòkè,欢迎你时常过来做客。,Huānyíng nǐ shícháng guòlai zuòkè.,いつもお客に来てくださることを歓迎します。,連動文
318,打搅,おじゃまする（あいさつ）,dǎjiǎo,打搅你们了。,Dǎjiǎo nǐ men le 。,お邪魔しました。,語気の“了”
319,打扰,邪魔をする,dǎrǎo,他常常打扰我的生活。,Tā chángcháng dǎrǎo wǒ de shēnghuó.,彼はしょっちゅう私の生活の邪魔をする。,動詞述語文
320,招待,もてなす,zhāodài,他们很热情地招待客人。,Tāmen hěn rèqíng de zhāodài kèrén．,彼らはとても暖かく客をもてなした。,連用修飾語
321,联系,結びつける・連絡する,liánxi,希望我们以后多联系。,Xīwàng wǒmen yǐhòu duō liánxi.,今後連絡を密にしたいですね。,動詞述語文
322,联络,連絡する,liánluò,请跟我联络。,Qǐng gēn wǒ liánluò.,私と連絡を取ってください。,介詞“跟”
323,接受,引き受ける・受け入れる,jiēshòu,不管怎样，我得接受这个任务。,Bùguǎn zěnyàng，wǒ děi jiēshòu zhège rènwu.,どうあれ私はこの任務を引き受けなければならない。,関連詞
324,关照,世話をする,guānzhào,她很会关照人。,Tā hěn huì guānzhào rén.,彼女は人のお世話にたけている。,助動詞“会”
325,照顾,世話をする,zhàogu,我妈天天照顾我奶奶。,Wǒ mā tiāntiān zhàogu wǒ nǎinai.,母は毎日祖母の面倒をみている。,動詞述語文
326,责备,責める・非難する,zébèi,那时爸爸没有责备他。,Nà shí bàba méiyou zébèi tā.,あの時父親は彼を責めなかった。,動詞述語文
327,争论,論争する,zhēnglùn,几个人在饭桌边儿争论着什么。,Jǐ ge rén zài fànzhuō biānr zhēnglùnzhe shénme.,何人かの人がテーブルのそばで何か論争している。,不定の意味を持つ疑問詞
328,吵架,口論する,chǎojià,他们不是在吵架。,Tāmen bú shì zài chǎojià.,彼らは口喧嘩をしているのではない。,進行形
329,介绍,紹介する,jièshào,让我给你介绍王先生。,Ràng wǒ gěi nǐ jièshao Wáng xiānsheng.,王さんをご紹介させてください。,使役文
330,招呼,呼ぶ・挨拶する,zhāohu,我们常常都互相打招呼。,Wǒmen chángcháng dōu hùxiāng dǎ zhāohu.,私たちはいつもお互いに挨拶をする。,動詞述語文
331,遇到,出会う,yùdào,他会遇到很多困难的。,Tā huì yùdào hěn duō kùnnan de.,彼はたくさんの困難に出くわすだろう。,助動詞“会”
332,问好,よろしく言う,wènhǎo,请代我向您先生问好。,Qǐng dài wǒ xiàng nín xiānsheng wènhǎo.,私に代わってご主人さまによろしくおっしゃってください。,使役文
333,辞,別れを告げる・辞職する,cí,他被老板辞掉了。,Tā bèi lǎobǎn cídiàole.,彼は社長に首にされた。,受け身文
334,救活,命を救う,jiùhuó,我一定要救活他们。,Wǒ yídìng yào jiùhuó tāmen.,私は必ず彼らを救ってやる。,助動詞“要”
335,尝,味わう,cháng,我们尝尝这些菜吧。,Wǒmen cháng chang zhè xiē cài ba．,私たちはこの料理をちょっと味わってみましょう。,動詞の重ね型
336,咬,噛む,yǎo,小孩子被狗咬了。,Xiǎoháizi bèi gǒu yǎole 。,子供が犬にかみつかれた。,受け身文
337,醉,酔う,zuì,他一喝酒就醉。,Tā yì hē jiǔ jiù zuì．,彼は酒を飲むとすぐ酔っぱらう。,副詞“就”
338,喂,えさをやる・食べさせる,wèi,我喂他吃了馒头。,Wǒ wèi tā chīle mántou.,私は彼にマントーを食べさせた。,兼語文
339,起飞,離陸する,qǐfēi,飞机快要起飞了。,Fēijī kuàiyào qǐfēile．,飛行機はまもなく離陸します。,“快要～了”
340,降落,着陸する,jiàngluò,飞机降落在跑道上。,Fēijī jiàngluòzài pǎodàoshang．,飛行機は滑走路に着陸する。,結果補語
341,晚点,定刻より遅れる・延着する,wǎndiǎn,我们的飞机晚点了。,Wǒmen de fēijī wǎndiǎn le.,私たちの飛行機は遅れた。,動詞述語文
342,往返,往復する,wǎngfǎn,从机场到大学往返要多少时间?,Cóng jīchǎng dào dàxué wǎngfǎn yào duōshǎo shíjiān?,空港から大学まで往復どのくらいかかりますか？,疑問詞疑問文
343,迷路,路に迷う・迷子になる,mílù,我迷路了。,Wǒ mílù le 。,私は道に迷ってしまった。,語気の“了”
344,集合,集まる,jíhé,我们明天在车站前集合。,Wǒmen míngtiān zài chēzhàn qián jíhé.,私たちは明日駅前で集合します。,介詞“在”
345,去世,死ぬ・亡くなる,qùshì,她的丈夫去世得很早。,Tā de zhàngfu qùshìde hěn zǎo.,彼女のご主人はだいぶ早くに亡くなった。,様態補語
346,做梦,夢を見る,zuòmèng,昨晚我做了一个梦。,Zuówǎn wǒ zuòle yí ge mèng.,昨日の夜私はある夢を見た。,完了の“了”
347,度过,過ごす,dùguò,我们度过愉快的一天。,Wǒmen dùguò yúkuài de yì tiān.,私たちは楽しい一日をすごす。,動詞述語文
348,泡澡,湯船につかる,pàozǎo,我每个周末都会泡浴来放松身心。,Wǒ měi gè zhōumò dōu huì pào yù lái fàngsōng shēn xīn.,毎週末にお風呂に入り、疲れを癒すようにしています。,
349,搬家,引っ越す,bānjiā,最近他搬家了。,Zuìjìn tā bānjiā le．,最近彼は引っ越しました。,完了の“了”
350,利用,利用する,lìyòng,你不应该利用她的同情心。,Nǐ bù yīnggāi lìyòng tā de tóngqíngxīn.,あなたは彼女の同情心を利用すべきではない。,助動詞“应该”
351,浪费,浪費する,làngfèi,你们太浪费了！,Nǐmen tài làngfèi le！,あなた方はあまりにも無駄なことをしています。,形容詞述語文
352,结束,終わる・終わらせる,jiéshù,留学结束后，我会继续留在中国。,Liúxué jiéshù hòu，wǒ huì jìxù liúzài Zhōngguó．,留学を終えた後、私は引き続き中国に残るだろう。,助動詞“会”
353,付,支払う,fù,工资明天付给你。,Gōngzī míngtiān fùgěi nǐ.,給料は明日あなたに支払います。,結果補語
354,通过,採択する,tōngguò,我通过了交换留学生的考试。,Wǒ tōngguòle jiāohuàn liúxuéshēng de kǎoshì．,私は交換留学生の試験にパスした。,完了の“了”
355,补充,補充する・補足する,bǔchōng,还有什么要补充的吗?,Hái yǒu shénme yào bǔchōng de ma?,まだ何か付け足すことはありますか？,所有を表す動詞の“有”と不定の意味を持つ疑問詞
356,回报,報告する・報いる・仕返しをする,huíbào,努力得到了回报。,Nǔlì dédàole huíbào．,努力は報われた。,完了の“了”
357,开除,除名する・除籍する,kāichú,我被老板开除了。,Wǒ bèi lǎobǎn kāichúle 。,私は社長に首を言い渡された。,受け身文
358,禁止,禁止する,jìnzhǐ,施工现场，禁止车辆来往。,Shīgōng xiànchǎng，jìnzhǐ chēliàng láiwǎng.,工事現場では車両の往来は禁止です。,禁止
359,实践,実践する,shíjiàn,你应该实践自己的诺言。,Nǐ yīnggāi shíjiàn zìjǐ de nuòyán.,あなたは自分のした約束を実行しなければならない。,助動詞“应该”
360,贡献,貢献する,gòngxiàn,他为促进两国之间的友好做贡献。,Tā wèi cùjìn liǎngguó zhījiān de yǒuhǎo zuò gòngxiàn．,彼は両国の友好促進のために貢献した。,介詞“为”
361,表扬,表彰する・ほめる,biǎoyáng,我忘不了他对我的表扬。,Wǒ wàngbuliǎo tā duì wǒ de biǎoyáng.,彼が私をほめてくれたことが忘れられない。,介詞“对”
362,报名,申し込む・応募する,bàomíng,我已经报名参加唱歌比赛。,Wǒ yǐjīng bàomíng cānjiā chàng gē bǐsài.,私はすでに歌唱コンテストに参加する申し込みをした。,動詞述語文
363,加班,残業する,jiābān,爸爸今天要在公司加班。,Bàba jīntiān yào zài gōngsī jiābān.,父は今日会社で残業があります。,助動詞“要”
364,请假,休みをとる,qǐngjià,他刚请假走了。,Tā gāng qǐngjià zǒule.,彼はさっき休みを取って帰った。,連動文
365,退休,定年退職する,tuìxiū,我爸爸已经退休了。,Wǒ bàba yǐjīng tuìxiū le 。,父はもう退職しました。,完了の“了”
366,打折,割引する,dǎzhé,那家商店打折吗?,Nà jiā shāngdiàn dǎzhé ma ?,あの店は値引きしますか？,動詞述語文
367,免费,無料にする,miǎnfèi,这是免费的。,Zhè shì miǎnfèi de．,これは無料です。,“是～的”構文
368,订,取り決める・予約する,dìng,我想订一个房间。,Wǒ xiǎng dìng yí ge fángjiān.,部屋を予約したいんですが。,助動詞“想”
369,刷卡,カードで支払う,shuākǎ,现在坐公交车一律要刷卡。,Xiànzài zuò gōngjiāochē yílǛ yào shuākǎ.,今バスに乗る時はすべてICカードで支払います。,助動詞“要”
370,安排,手配する・割り振る,ānpái,我们已经安排好明天走。,Wǒmen yǐjīng ānpáihǎo míngtiān zǒu.,私たちはすでに明日出発する手配を整えた。,結果補語
371,检查,点検する・調べる,jiǎnchá,交作业前一定要仔细检查。,Jiāo zuòyè qián yídìng yào zǐxì jiǎnchá.,宿題を渡す前に必ず細かいところまで見直しなさい。,助動詞“要”
372,布置,しつらえる・手配する,bùzhì,我们把会场布置好了。,Wǒmen bǎ huìchǎng bùzhìhǎole 。,私たちは会場をきちんとしつらえました。,“把”構文
373,种,種をまく・植える,zhòng,我家院子里种着一棵树。,Wǒ jiā yuànzi li zhòngzhe yì kē shù.,うちの庭には木が一本植えてある。,存現文
374,修,修理する,xiū,我们叫人去修。,Wǒmen jiào rén qù xiū．,誰か修理に行かせます。,使役文と兼語文
375,修理,修理する・剪定する・こらしめる,xiūlǐ,我的车坏了，请修理一下。,Wǒ de chē huài le，qǐng xiūlǐ yíxià.,車が壊れてしまったので修理をお願いします。,使役文
376,修建,建造する,xiūjiàn,这条公路什么时候修建的?,Zhè tiáo gōnglù shénme shíhou xiūjiàn de?,この道路はいつ作ったのですか？,“是～的”構文
377,营业,営業する,yíngyè,商店上午十点开始营业。,Shāngdiàn shàngwǔ shí diǎn kāishǐ yíngyè.,店は午前１０時に営業が始まります。,動詞述語文
378,广播,放送する,guǎngbō,他每天都听汉语广播。,Tā měitiān dōu tīng Hànyǔ guǎngbō.,彼は毎日中国語の放送を聞く。,動詞述語文
379,出版,出版する,chūbǎn,去年我出版了一本书。,Qùnián wǒ chūbǎnle yì běn shū．,去年私は一冊の本を出版しました。,完了の“了”
380,结帐,会計を済ませる,jiézhàng,请结帐。,Qǐng jiézhàng 。,お勘定お願いします。,命令
381,开学,学校が始まる,kāixué,那天是开学典礼。,Nà tiān shì kāixué diǎnlǐ.,あの日は始業式だった。,“是”構文
382,辅导,補習する,fǔdǎo,对有困难的学生，教师进行辅导。,Duì yǒu kùnnan de xuésheng，jiàoshī jìnxíng fǔdǎo.,困難を抱える学生に教師は補習を行う。,介詞“对”
383,朗读,朗読する,lǎngdú,老师让学生朗读课文。,Lǎoshī ràng xuésheng lǎngdú kèwén.,先生は学生に課文を朗読させる。,使役文と兼語文
384,录音,録音する,lùyīn,他在演播室听录音。,Tā zài yǎnbōshì tīng lùyīn.,彼はスタジオで録音を聞く。,介詞“在”
385,请教,教えを請う,qǐngjiào,我可以请教您一个问题吗?,Wǒ kěyǐ qǐngjiào nín yí ge wèntí ma?,一つお聞きしてよろしいですか？,助動詞“可以”
386,培养,育てる,péiyǎng,老师培养学生学习汉语的兴趣。,Lǎoshī péiyǎng xuésheng xuéxí Hànyǔ de xìngqù．,先生は学生の中国語を学ぶことへの興味を育てる。,動詞述語文
387,指出,指し示す・指摘する,zhǐchū,我弹奏时他指出了不足之处。,Wǒ tánzòu shí tā zhǐchūle bù zú zhī chù.,私が演奏した時彼はいくつかの良くないところを指摘した。,完了の“了”
388,上映,上映する,shàngyìng,他主演的电影在中国上映了。,Tā zhǔyǎn de diànyǐng zài Zhōngguó shàngyìngle.,彼が主演した映画は中国で上映された。,介詞“在”
389,演奏,演奏する,yǎnzòu,老师也参加演奏。,Lǎoshī yě cānjiā yǎnzòu.,先生も演奏に加わった。,動詞述語文
390,演出,上演する・出演する,yǎnchū,对这次演出，我很欣赏。,Duì zhè cì yǎnchū，wǒ hěn xīnshǎng.,今回の上演はとても堪能しました。,介詞“对”
391,游览,見物して歩く,yóulǎn,他带我们游览了京都。,Tā dài wǒmen yóulǎnle Jīngdū.,彼は私たちを連れて京都をぶらついた。,連動文
392,上网,ネットを見る,shàngwǎng,我姐姐上网学习英语。,Wǒ jiějie shàngwǎng xuéxí Yīngyǔ．,姉はネットで英語を学ぶ。,動詞述語文
393,点击,クリックする,xiǎnjī,只要点击它，就能看到有关该产品的信息。,Zhǐyào diǎnjī tā，jiù néng kàndào yǒuguān gāi chǎnpǐn de xìnxī。,クリックするだけで、その製品の情報を見ることができます。,関連詞
394,踢,蹴る,tī,你踢过足球吗?,Nǐtīguo zúqiú ma?,サッカーをしたことがありますか？,経験の“过”
395,跑步,ジョギングする,pǎobù,我天天跑步锻炼身体。,Wǒ tiāntiān pǎobù duànliàn shēntǐ．,私は毎日ジョギングして体を鍛えています。,連動文
396,赢,勝つ,yíng,那个美国人赢了第一回合,Nàge Měiguórén yíngle dì yī huíhé.,あのアメリカ人は第一ラウンドで勝利した。,完了の“了”
397,输,負ける,shū,我们官司打输了。,Wǒmen guānsi dǎshūle.,私たちは訴訟に負けた。,結果補語
398,放松,リラックスさせる,fàngsōng,我们放松放松！,Wǒmen fàngsōng fàngsōng ！,リラックスしましょう。,動詞の重ね型
399,咳嗽,咳をする,késou,他咳嗽得很厉害。,Tā késoude hěn lìhai．,彼は咳がひどい。,様態補語
400,喷嚏,くしゃみをする,pēntì,他打了一个喷嚏。,Tā dǎle yíge pēntì．,彼はくしゃみをひとつした。,完了の“了”
401,受伤,けがをする,shòushāng,他什么时候受伤的?,Tā shénme shíhòu shòu shāng de ?,彼はいつケガをしたの？,“是～的”構文
402,减肥,ダイエットする,jiǎnféi,你不用减肥。,Nǐ búyòng jiǎnféi．,あなたはダイエットなんかする必要はありません。,
403,保重,身体を大事にする,bǎozhòng,请多保重！,Qǐng duō bǎozhòng ！,どうぞお身体お大切に。,命令
404,了解,わかる・調べる,liǎojiě,我想更深地了解中国。,Wǒ xiǎng gèng shēn de liǎojiě Zhōngguó．,私はもっと深く中国を知りたい。,助動詞“想”
405,准备,準備する,zhǔnbèi,你考试准备得怎么样?,Nǐ kǎoshì zhǔnbèide zěnmeyàng ?,試験の準備はどんなぐあいですか？,様態補語
406,想念,懐かしむ・恋しがる,xiǎngniàn,我很想念你！,Wǒ hěn xiǎngniàn nǐ！,あなたのことをすごく想っている！,動詞述語文
407,想家,ホームシックになる,xiǎngjiā,你想家吗?,Nǐ xiǎngjiā ma?,お家が恋しいですか？,動詞述語文
408,担心,心配する,dānxīn,请不要担心。,Qǐng búyòng dānxīn．,心配することはありません。,命令
409,害怕,怖がる・恐れる,hàipà,我一点儿也不害怕。,Wǒ yìdiǎnr yě bú hàipà.,私は少しも怖くない。,“一点儿”
410,怕,怖がる・心配する,pà,你怕什么?,Nǐ pà shénme?,あなたは何が怖いの？,疑問詞疑問文
411,刺激,刺激する,cìjī,过山车真刺激!,Guòshānchē zhēn cìjī!,ジェットコースターは本当にエキサイティングだ。,形容詞述語文
412,震惊,驚愕させる・驚愕する,zhènjīng,我被那个国家的一切震惊了。,Wǒ bèi nàge guójiā de yíqiè zhènjīngle．,私はあの国のすべてに驚愕させられた。,受け身文
413,盼望,待ち望む,pànwàng,我天天盼望着你早点回来。,Wǒ tiāntiān pànwàngzhe nǐ zǎodiǎn huílai.,私は毎日あなたの早い帰りを待っている。,持続の“着”
414,批评,批判する・叱る,pīpíng,他被老师批评了。,Tā bèi lǎoshī pīpíngle.,彼は先生から叱られた。,受け身文
415,猜,当てる・推量する,cāi,你猜!,Nǐ cāi！,当ててみて！,命令
416,满足,満足する・満たす,mǎnzú,你健康幸福，我就满足了。,Nǐ jiànkāng xìngfú，wǒ jiù mǎnzú le.,あなたが健康で幸せなら、私はそれで満足です。,副詞“就”
417,同意,同意する・賛成する,tóngyì,要是你同意的话，我也不反对。,Yàoshi nǐ tóngyì de huà，wǒ yě bù fǎnduì．,もしあなたが賛成するなら私も反対はしません。,関連詞
418,坚持,堅持する・がんばりぬく,jiānchí,我每天坚持学习汉语。,Wǒ měitiān jiānchí xuéxí Hànyǔ．,私は毎日中国語の勉強をがんばっている。,動詞述語文
419,掌握,マスターする・把握する,zhǎngwò,那个记者掌握着最新消息。,Nàge jìzhě zhǎngwǒzhe zuì xīn xiāoxi.,あの記者は最新のニュースをものにしている。,持続の“着”
420,负责,責任を負う・責任感がある,fùzé,你应该对你所说的话负责。,Nǐ yīnggāi duì nǐ suǒ shuō de huà fùzé.,あなたは自分の言った言葉に責任を持たなければならない。,助動詞“应该”
421,惦记,気にかける・心配する,diànjì,你还惦记着我们，真感谢你。,Nǐ hái diànjìzhe wǒmen，zhēn gǎnxiè nǐ.,まだ私たちを気にかけて下さって、本当に感謝です。,持続の“着”
422,来得及,まだ…する時間がある,láidejí,现在去还来得及吗?,Xiànzài qù hái láidéjí ma?,今行って間に合いますか？,副詞“还”
423,吸引,引き付ける（関心や注目を）,xǐyīn,我被他的歌声吸引了。,Wǒ bèi tā de gēshēng xīyǐnle.,私は彼の歌声に引き付けられた。,受け身文
424,挂号,登録する・書留にする,guàhào,请排队挂号。,Qǐng páiduì guàhào.,どうぞ並んで登録してください。,使役文
425,愿意,～したい・喜んで～する,yuànyi,你愿意跟我交往吗？,Nǐ yuànyi gēn wǒ jiāowǎng ma?,私と付き合ってくれますか？,助動詞“愿意”
426,肯,よろこんで～する,kěn,你要是肯陪我去，我才高兴去。,Nǐ yàoshi kěn péi wǒ qù，wǒ cái gāoxìng qù.,もしあなたが私に付き添って行ってくれるなら、私は喜んで行きます。,助動詞“肯”
427,熟悉,よく知っている,shúxi,他对中国的世界遗产很熟悉。,Tā duì Zhōngguó de shìjiè yíchǎn hěn shúxi.,彼は中国の世界遺産にとても詳しい。,介詞“对”
428,缺少,足りない・不十分だ,quēshǎo,世界上缺少食物的人并不少。,Shìjiè shang quēshǎo shíwù de rén bìng bù shǎo．,世界には食べ物に不足している人がたくさんいる。,形容詞述語文
429,难看,みっともない・体裁が悪い,nánkàn,我十八岁那会儿不难看。,Wǒ shíbā suì nàhuìr bù nánkàn.,私は１８歳のころそうひどい顔だちではなかった。,形容詞述語文
430,可爱,可愛い,kě\'ài,我弟弟很可爱。,Wǒ dìdi hěn kě\'ài．,弟はとても可愛いです。,形容詞述語文
431,优美,優美だ,yōuměi,她的一举一动都优美。,Tā de yìjǔ yídòng dōu yōuměi.,彼女の一挙一動みな優美だ。,形容詞述語文
432,整齐,きちんとしている,zhěngqí,房间里整整齐齐的。,Fángjiānli zhěngzhěngqíqí de．,部屋の中はきちんと片づけられている。,形容詞の重ね型
433,老实,まじめな,lǎoshi,他很老实。,Tā hěn lǎoshi．,彼はとてもまじめです。,形容詞述語文
434,优秀,優秀な,yōuxiù,她非常优秀。,Tā fēicháng yōuxiù．,彼女はとても優秀です。,形容詞述語文
435,幽默,ユーモラスな,yōumò,他很幽默。,Tā hěn yōumò．,彼はとてもユーモラスです。とても親切な人です。,形容詞述語文
436,热情,親切な,rèqíng,她是一个很热情的人。,Tā shì yíge hěn rèqíng de rén．,彼女はとても親切な人です。,“是”構文
437,谦虚,謙虚だ・謙遜する,qiānxū,你太谦虚了。,Nǐ tài qiānxū le 。,あなたは本当に謙虚ですね。,形容詞述語文
438,大方,気前がよい・鷹揚だ,dàfang,他的态度从容大方。,Tā de tàidù cóngróng dàfang.,彼の態度は落ち着いていてゆったりとしている。,形容詞述語文
439,小气,けちだ,xiǎoqi,我不愿让人家认为我很小气。,Wǒ bú yuànyi ràng rénjiā rènwéi wǒ hěn xiǎoqì.,私は人からケチだと思われたくない。,使役文と兼語文
440,能干,能力がある・仕事がよくできる,nénggàn,他是个能干的人。,Tā shì ge nénggàn de rén.,彼は仕事のできる人だ。,“是”構文
441,亲切,親しい・心がこもっている,qīnqiè,我听到了奶奶亲切的声音。,Wǒ tīngdàole nǎinai qīnqiè de shēngyīn.,私はお祖母ちゃんの優しい声を聞いた。,動詞述語文
442,羡慕,うらやましい,xiànmù,我羡慕你。,Wǒ xiànmù nǐ．,私はあなたが羨ましい。,動詞述語文
443,急,いらだつ・焦る,jí,小孩子急得哭了起来。,Xiǎoháizi jíde kūleqilai.,子供が怒って泣き出した。,様態補語と方向補語
444,着急,いらいらする・気をもむ,zháojí,她很着急。,Tā hěn zháojí.,彼はとても焦っている。,形容詞述語文
445,闷热,蒸し暑い,mēnrè,今天真闷热。,Jīntiān zhēn mēnrè．,今日は本当に蒸し暑い。,形容詞述語文
446,晴朗,晴れ渡っている,qínglǎng,天气晴朗的时候，我想躺在草地上看书。,Tiānqì qínglǎng de shíhou，wǒ xiǎng tǎngzài cǎodì shang kàn shū.,お天気のいい日には草むらに寝転んで本を読みたい。,助動詞“想”
447,复杂,複雑だ,fùzā,还有其他一些复杂的问题。,Hái yǒu qítā yìxiē fùzá de wèntí．,さらにいくつかの複雑な問題がある。,所有を表す動詞の“有”
448,吵闹,やかましい・うるさい,chǎonào,楼上的那些人非常吵闹。,Lóushang de nàxiē rén fēicháng chǎonào.,上の階の人たちは非常にやかましい。,形容詞述語文
449,臭,腐っている・臭くなる,chòu,那条鱼臭了。,Nà tiáo yú chòu le.,あの魚は腐っている。,形容詞述語文
450,穷,貧乏だ,qióng,我很穷。,Wǒ hěn qióng．,私は貧乏です。,形容詞述語文
451,苦,苦い,kǔ,咖啡有点儿苦。,Kāfēi yǒudiǎn kǔ．,コーヒーは少し苦い。,形容詞述語文と“有点儿”
452,辣,辛い,là,不怕辣，怕不辣。,Bú pà là，pà bú là．,辛いのは怖くないが、辛くないのは怖い。,動詞述語文
453,脆,歯触りがいい・声が澄んでいる,cuì,这水果又甜又脆，非常好吃。,Zhè shuǐguǒ yòu tián yòu cuì，fēicháng hǎochī．,このくだものは甘くて歯触りもよく、とてもおいしい。,形容詞述語文
454,绿,緑の,lǜ,请给我一件绿色的。,Qǐng gěi wǒ yí jiàn lǛsè de,私に緑色のを一着ください。,二重目的語の文
455,棒,すごい,bàng,你太棒了！,Nǐ tài bàng le ！,あなたはホントに素晴らしい！,形容詞述語文
456,了不起,たいしたものだ,liǎobuqǐ,他真了不起！,Tā zhēn liǎobuqǐ ！,彼は本当にすばらしい。,形容詞述語文
457,精彩,すばらしい（スピーチなどが）,jīngcǎi,他在哈佛大学的演讲很精彩。,Tā zài Hāfó dàxué de yǎnjiǎng hěn jīngcǎi.,彼のハーバード大学でのスピーチはすばらしかった。,形容詞述語文
458,合适,ちょうどよい・適切だ,héshì,我买到了合适的衣服。,Wǒ mǎidàole héshì de yīfu.,私はちょうどいい服を買いました。,完了の“了”
459,结实,丈夫だ・しっかりしている,jiēshi,我爷爷身体还很结实。,Wǒ yéye shēntǐ hái hěn jiēshi．,私のお爺ちゃんはとても元気です。,形容詞述語文
460,满意,満足する,mǎnyì,大家对他的工作很满意。,Dàjiā duì tā de gōngzuò hěn mǎnyì.,皆彼の仕事ぶりには満足している。,介詞“对”
461,流利,流暢だ,liúlì,他说汉语说得不太流利。,Tā shuō Hànyǔ shuōde bú tài liúlì．,彼の中国語はあまり流暢ではない。,様態補語
462,亲,親しい,qīn,我的家人都是我最亲的人。,Wǒ de jiārén dōu shì wǒ zuì qīn de rén．,私の家族はみんな私の一番大事な人たちです。,“是”構文
463,圆,丸い,yuán,她有一张圆脸。,Tā yǒu yì zhāng yuán liǎn.,彼女は丸い顔をしている,所有を表す動詞の“有”
464,新鲜,新鮮だ,xīnxian,下雨后空气变得新鲜了。,Xià yǔ hòu kōngqì biànde xīnxian le.,雨の後は空気が新鮮になる。,結果補語
465,奇怪,奇妙だ・不思議だ,qíguài,他很奇怪。,Tā hěn qíguài．,彼はとても奇妙だ。,形容詞述語文
466,辛苦,お疲れさま！（あいさつ）,xīnkǔ,你辛苦了!,Nǐ xīnkǔ le !,お疲れさまです。,語気の“了”
467,大意,うかつだ・不注意だ,dàyi,以后千万不能大意。,Yǐhòu qiānwàn bù néng dàyi 。,今後くれぐれも不注意をしないように。,助動詞“能”
468,抱歉,申し訳なく思う,bàoqiàn,实在抱歉！,Shízài bàoqiàn！,本当に申し訳ありません。,形容詞述語文
469,厉害,恐ろしい・きつい・すごい,lìhai,牙疼得厉害。,Yá téngde lìhài 。,歯が痛くてたまらない。,様態補語
470,倒霉,運が悪い・ついてない,dǎoméi,真倒霉！,Zhēn dǎoméi ！,まったくついてない！,形容詞述語文
471,可怜,哀れだ・哀れむ,kělián,太可怜了。,Tài kělián le 。,可哀そうに。,形容詞述語文
472,拥挤,込み合う,yōngjǐ,东京的道路没北京那么拥挤。,Dōngjīng de dàolù méi Běijīng nàme yōngjǐ.,東京の道路は北京ほど混んではいない。,比較文
473,严重,重大だ・深刻だ,yánzhòng,这儿空气污染没北京那么严重。,Zhèr kōngqì wūrǎn méi Běijīng nàme yánzhòng．,ここの空気の汚れは北京ほど深刻ではない。,比較文
474,激烈,激しい,jīliè,两个球队干了一场激烈的比赛。,Liǎng ge qiúduì gànle yì cháng jīliè de bǐsài.,２つの球技チームが激しい勝負を戦った。,動詞述語文
475,不安,不安定だ・落ち着かない,bù\'ān,他感到非常不安。,Tā gǎndào fēicháng bùān.,彼はとても落ち着かなかった。,動詞述語文
476,干燥,乾燥している,gānzào,南方潮湿，北方则比较干燥。,Nánfāng cháoshī，běifāng zé bǐjiào gānzào.,南方は湿っていて、北方はわりに乾燥している。,形容詞述語文
477,共同,共通の,gòngtóng,我们共同的语言是汉语。,Wǒmen gòngtóng de yǔyán shì Hànyǔ.,私たちの共通の言葉は中国語です。,“是”構文
478,相反,逆だ,xiāngfǎn,他的性格和我的完全相反。,Tā de xìnggé hé wǒ de wánquán xiāngfǎn.,彼の性格と私の性格は真逆だ。,介詞“和”
479,确实,確実だ・確かに,quèshí,这确实是个很好的建议。,Zhè quèshí shì ge hěn hǎo de jiànyì.,これは確かにすばらしい提案だ。,“是”構文
480,原来,元の・元は・なんと～だったのか。,yuánlái,其他的部门还在原来的地方。,Qítā de bùmén hái zài yuánlái de dìfang.,ほかの部門はまだ元の場所にある。,動詞述語文
481,蓝,青い,lán,请给我一件蓝色的。,Qǐng gěi wǒ yí jiàn lánsè de．,私に青いのを一着ください。,二重目的語の文
482,认真,まじめだ・真剣だ,rènzhēn,他对什么事都特别认真。,Tā duì shénme shì dōu tèbié rènzhēn.,彼は何に対してもとてもまじめです。,介詞“对”
483,立刻,すぐに・ただちに,lìkè,我们立刻遇到大家的反对。,Wǒmen lìkè yùdào dàjiā de fǎnduì.,私たちはすぐさまみなの反対に出くわした。,結果補語
484,总是,いつも,zǒngshì,平时总是丈夫做饭。,Píngshí zǒngshì zhàngfu zuò fàn．,ふだんはいつも夫が食事を作ります。,動詞述語文
485,不断,絶えず,búduàn,希望你不断提高日语水平!,Xīwàng nǐ búduàn tígāo Rìyǔ shuǐpíng！,日本語のレベルを高め続けるよう願っています。,動詞述語文
486,永远,永久に・いつも,yǒngyuǎn,我永远忘不了。,Wǒ yǒngyuǎn wàngbuliǎo 。,私はいつまでも忘れることができない。,可能補語
487,怪不得,道理で・～するのも無理はない,guàibude,怪不得，原来学了那么久了。,Guàibude，yuánlái xuéle nàme jiǔ le.,どうりで。長いこと勉強なさってたんですね。,完了の“了”
488,照常,いつものように,zhàocháng,尽管身体不好，但是我照常去上班了。,Jǐnguǎn shēntǐ bù hǎo，dànshì wǒ zhàocháng qù shàngbān.,体調はよくなかったけれど私はやはり出勤した。,疑問詞の呼応表現
489,千万,くれぐれも,qiānwàn,明天的会议，你千万别忘了！,Míngtiān de huìyì，nǐ qiānwàn bié wàngle！,明日の会議はくれぐれも忘れないように！,命令
490,好容易,やっと・ようやく,hǎoróngyì,我好容易找到了工作。,Wǒ hǎoróngyì zhǎodàole gōngzuò．,私はやっと仕事を見つけた。,完了の“了”
491,至少,少なくとも・せめて,zhìshǎo,一个人至少拥有一个梦想。,Yí ge rén zhìshǎo yōngyǒu yí ge mèngxiǎng.,人は少なくても一つは夢を抱いている。,所有を表す動詞の“有”
492,到底,とうとう,dàodǐ,这样做到底是为了什么呢？,Zhèyàng zuò dàodǐ shì wèile shénme?,こんなふうにするのは一体何のため？,疑問詞疑問文
493,忽然,突然・思いがけなく,hūrán,她忽然哭了起来。,Tā hūrán kūle qilai.,彼女は突然泣き出した。,方向補語
494,当然,当然・もちろん,dāngrán,我当然很高兴。,Wǒ dāngrán hěn gāoxìng.,私はもちろん嬉しいです。,形容詞述語文
495,难道,まさか～ではあるまい,nándào,你难道说不对吗?,Nǐ nándào shuō bú duì ma ?,まさか間違っているとでも？,反語文
496,尤其,とりわけ,yóuqí,我喜欢运动，尤其是游泳。,Wǒ xǐhuan yùndòng，yóuqí shì yóuyǒng．,私はスポーツが嫌いだ、特に水泳。,動詞述語文
497,尽量,できるだけ,jǐnliàng,能不开车就尽量不开车。,Néng bù kāi chē jiù jǐnliàng bù kāi chē．,運転しなくていいならできるだけ運転しないことだ。,助動詞“能”
498,葡萄酒,ワイン,pútaojiǔ,我喜欢喝葡萄酒。,Wǒ xǐhuan hē pútaojiǔ．,私はワインが好きです。,動詞述語文
499,万一,万が一,wànyī,万一失败，你还要试一试。,Wànyī shībài，nǐ hái yào shìyishi.,万が一失敗したらまたやればいい。,助動詞“要”
500,开玩笑,冗談を言う・からかう,kāi wánxiào,别拿我开玩笑了！,Bié ná wǒ kāi wánxiào le!,私をからかわないでください。,禁止
